1 1.402569 1.632855 0.964463 129.253792 124.705676 36.472956
2 1.414939 1.785685 0.885539 110.911340 141.058986 50.710389
3 1.494093 1.548080 1.026000 127.512740 115.413255 5.735237
4 1.437697 1.774503 0.935786 116.312203 101.701481 65.962256
5 1.439451 1.652495 1.003844 108.941541 135.493690 171.981825
6 1.636431 1.535157 0.987307 117.037577 102.953876 47.461915
7 1.430660 1.519625 0.951032 106.073930 101.086273 132.407115
8 1.449317 1.825348 0.955928 120.358801 133.252208 130.626594
9 1.364342 1.612367 0.894159 103.827457 96.259839 18.855586
10 1.611356 1.614489 0.964861 122.210553 99.454988 29.335257
11 1.418745 1.644059 0.944577 93.317991 126.243161 25.496567
12 1.394358 1.604791 1.167451 103.560759 114.973327 50.617719
13 1.423990 1.475874 0.974632 107.065758 92.120514 176.978029
14 1.497610 1.572070 1.097447 110.759581 143.815116 50.361019
15 1.417397 1.425250 0.911581 111.285367 103.151840 175.324765
16 1.382781 1.681900 0.969972 113.953952 113.751308 94.197671
17 1.496756 1.585783 1.086827 99.597148 146.370272 174.367903
18 1.542667 1.638967 0.988649 125.540622 99.720436 148.022580
19 1.446027 1.494643 1.032593 115.616003 87.092404 17.905215
20 1.453311 1.663534 0.987360 115.542704 112.380368 177.145928
21 1.469178 1.748991 0.996286 108.338734 90.957416 46.852921
22 1.583675 1.612198 1.058255 124.690011 104.755089 16.535803
23 1.435056 1.744176 0.945829 104.530679 139.470162 34.119001
24 1.572514 1.643666 1.147510 106.377998 88.651289 154.059357
25 1.411134 1.637286 0.970220 114.643727 113.097561 27.712158
26 1.529394 1.531324 1.031959 139.169338 99.277486 164.571598
27 1.426703 1.690999 1.005867 109.801129 109.792764 4.150162
28 1.714761 1.588929 0.871414 110.037397 90.676154 137.285594
29 1.445041 1.749562 0.909827 114.971226 103.682983 136.079783
30 1.514474 1.561417 0.975108 110.587188 102.475836 143.670335
31 1.551346 1.761549 1.044481 99.282056 170.866663 47.373073
32 1.509856 1.586844 1.130612 106.609505 93.025376 173.554754
33 1.451776 1.568137 1.070779 94.917199 114.848323 136.252520
34 1.601791 1.778791 1.101542 122.344191 125.414358 135.391446
35 1.478737 1.709934 0.964270 103.621488 110.707269 172.959874
36 1.414987 1.600287 0.874275 123.517867 159.216207 84.574819
37 1.496466 1.649040 0.993481 118.277109 158.601138 47.531483
38 1.502424 1.546728 0.970049 126.689213 119.598945 65.047075
39 1.376134 1.642008 0.982513 123.467072 105.603925 7.882506
40 1.560647 1.524955 1.022055 100.019390 110.178558 39.468515
41 1.454232 1.635192 0.913982 114.403273 117.458080 30.498408
42 1.632029 1.543013 0.966154 136.238351 150.983423 6.290468
43 1.471886 1.541240 0.893394 129.115052 100.142434 4.850422
44 1.586539 1.623745 0.862549 121.811214 109.327094 42.638996
45 1.561621 1.655536 0.799026 110.953425 129.532755 30.979567
46 1.502953 1.469308 0.980091 100.047872 116.831723 39.372961
47 1.549842 1.485993 0.817793 113.118702 97.865414 63.132868
48 1.491205 1.469889 1.079509 137.445759 109.025942 52.093104
49 1.436460 1.533991 0.957236 115.893169 119.328926 45.701502
50 1.503786 1.545506 1.073705 123.959749 114.278023 29.217928
51 1.510391 1.614918 0.986517 123.379875 120.899826 72.915269
52 1.455668 1.544040 0.958425 105.504267 172.838631 0.955729
53 1.453056 1.612375 1.186116 96.304091 119.955649 88.595140
54 1.480787 1.665083 0.983602 113.838325 113.528345 167.473672
55 1.462566 1.699402 0.978861 103.773171 101.032409 49.350227
56 1.608497 1.420529 1.116375 103.919749 145.650238 131.300965
57 1.559650 1.594849 1.058148 109.769642 130.921263 124.030598
58 1.398335 1.815508 0.904015 144.315919 167.326071 61.814723
59 1.519848 1.591359 0.869805 119.045187 121.393390 36.416153
60 1.502697 1.991301 0.961710 99.573530 127.552345 47.407311
61 1.410897 1.580763 0.999090 125.418710 106.040826 19.220048
62 1.479008 1.717206 0.886103 123.836602 118.068024 151.984412
63 1.432347 1.691635 0.960876 116.205807 133.358435 90.498033
64 1.454293 1.628024 1.119582 112.871776 124.890447 24.888823
65 1.443051 1.740147 1.099203 115.753881 125.324408 52.343634
66 1.496489 1.547708 1.173461 114.187151 81.091960 64.771806
67 1.535328 1.680804 0.948199 107.803897 102.481479 58.577648
68 1.433837 1.821841 0.910595 109.761134 115.035247 91.397283
69 1.468131 1.729457 0.989993 132.372074 130.117083 117.009500
70 1.614208 1.658042 0.926191 112.589530 93.568634 9.276669
71 1.456969 1.461452 0.902731 108.659423 113.013889 32.807167
72 1.633893 1.571808 0.982101 114.302712 102.345566 150.448097
73 1.481350 1.604581 0.866388 103.388697 110.790388 4.139721
74 1.448488 1.501230 1.008046 124.289560 110.438994 164.543862
75 1.427452 1.658737 1.012436 101.539613 112.498963 18.401978
76 1.469416 1.636545 0.923392 110.942481 118.423015 106.992318
77 1.443452 1.780865 0.812683 108.278389 120.058661 161.670566
78 1.438907 1.701782 1.073447 128.699919 123.891645 1.363966
79 1.491778 1.514179 0.940612 93.496818 98.422010 0.963099
80 1.598994 1.552487 1.003454 111.028913 122.613221 37.575470
81 1.595630 1.535434 1.075274 102.496455 95.816561 20.234118
82 1.518497 1.582997 0.849731 105.661957 153.970256 50.363019
83 1.517000 1.577606 1.147087 114.854580 134.434514 0.854566
84 1.492131 1.612467 1.029657 105.290678 121.865539 101.571729
85 1.492841 1.658173 0.931821 116.987705 116.656947 165.754646
86 1.467174 1.672820 0.928837 102.786124 140.167117 16.590811
87 1.375732 1.702456 1.056145 116.440187 143.882948 23.632659
88 1.423237 1.537297 1.057068 130.187053 121.629062 9.999724
89 1.429965 1.558807 1.019172 120.384963 130.618568 169.278822
90 1.445147 1.844901 1.035070 121.608971 151.805518 12.406223
91 1.380549 1.818545 1.047932 111.636246 102.344563 105.451310
92 1.515839 1.854281 1.026830 104.645445 92.389989 101.464990
93 1.427108 2.070758 0.933411 106.019261 179.678040 109.460064
94 1.611211 1.671243 0.920943 105.556683 102.063050 176.378367
95 1.469831 1.447312 0.952653 127.153691 110.295328 0.253860
96 1.561650 1.637064 0.990515 126.902617 157.231562 155.063593
97 1.390196 1.557151 1.109458 114.599138 150.137453 67.654588
98 1.449140 1.669940 0.895201 100.354154 122.461632 36.770734
99 1.457955 1.542222 1.064261 127.253375 133.262834 30.231570
100 1.417957 1.616938 0.922981 108.836994 139.061415 17.410542
101 1.494375 1.644806 0.937379 111.284966 104.360760 37.731178
102 1.452453 1.833747 0.984064 120.923123 107.466217 169.897173
103 1.389897 1.578710 1.013163 114.472906 135.665765 49.261365
104 1.510098 1.847894 0.927181 105.704010 126.025376 139.654987
105 1.571703 1.657828 1.001350 124.984932 123.011727 3.886276
106 1.427306 1.667372 1.046053 107.125031 122.142796 1.423522
107 1.471451 1.786687 0.893610 120.853291 114.390357 13.205270
108 1.509706 1.921828 0.877668 92.591649 99.620261 6.376052
109 1.462667 1.615129 0.881775 110.130019 123.351917 18.380289
110 1.592627 1.483800 0.989478 99.953795 112.655245 57.016306
111 1.428137 1.601703 0.891852 96.612728 96.176033 178.591598
112 1.513284 1.631785 0.873632 120.860622 111.812010 153.309180
113 1.492134 1.655651 1.008625 98.863708 141.444415 29.309265
114 1.427739 1.593233 0.993381 104.296750 116.432881 76.915883
115 1.633139 1.887338 1.109634 106.182837 112.518551 154.121644
116 1.467005 1.636831 1.110578 125.566053 118.557666 174.021032
117 1.350978 1.581457 0.908984 104.369030 100.532359 18.773894
118 1.429760 1.581854 1.091813 115.116350 136.676313 161.463538
119 1.502424 1.585532 0.962280 117.439053 128.962814 44.695903
120 1.597889 1.680291 0.972630 109.901790 91.060344 6.951721
121 1.489111 1.552859 1.037546 106.725768 139.713079 32.040628
122 1.394268 1.635453 1.051723 119.722386 141.925074 5.859486
123 1.446872 1.587211 1.135539 104.744890 87.743694 155.699966
124 1.539507 1.633170 0.858163 114.509328 140.803033 137.980064
125 1.462440 1.596593 1.189895 97.755209 137.595774 20.007931
126 1.572898 1.668262 0.957566 112.296748 109.029597 74.949735
127 1.526563 1.822536 0.914687 102.579768 126.437451 169.384478
128 1.416226 1.719158 1.033721 109.118075 102.579701 109.815809
129 1.458934 1.523172 0.874275 103.839599 171.837596 105.983166
130 1.482759 1.691049 0.980216 107.290389 101.610655 40.972957
131 1.492066 1.595553 0.946366 129.702798 149.382967 157.487087
132 1.546133 1.412857 1.001305 126.804195 84.495026 173.249696
133 1.530153 1.493628 0.952949 102.515583 139.318757 1.311862
134 1.551661 1.571939 0.968500 123.167501 144.126688 74.075558
135 1.568317 1.690400 0.971132 102.544535 93.051956 156.209954
136 1.456503 1.468274 0.931253 122.101797 93.894696 17.930565
137 1.550006 1.523161 1.023448 97.032900 120.961374 15.090992
138 1.502664 1.573565 1.020845 111.662796 110.952018 47.226372
139 1.423887 1.726414 1.159843 117.130553 117.120448 77.000555
140 1.473574 1.547967 0.942639 102.530941 94.119684 23.492186
141 1.454063 1.669053 1.036388 113.600966 136.165505 156.128762
142 1.432272 1.639729 0.936278 100.771457 144.826410 132.146051
143 1.498211 1.492089 0.891070 105.762573 103.211738 8.158070
144 1.533415 1.615838 0.897775 109.376983 132.590801 11.403304
145 1.515719 2.126267 0.950069 104.293358 96.617970 5.132802
146 1.465035 1.572764 1.072134 106.181842 112.150618 148.379341
147 1.383025 1.634993 0.921196 106.372438 125.213514 124.474730
148 1.382961 1.579739 1.052635 121.773755 92.360532 0.018987
149 1.517788 1.416684 1.034938 134.703611 112.977623 152.022927
150 1.425271 1.590689 1.024874 109.354114 123.349918 38.807683
151 1.284977 1.655252 1.060526 112.461468 93.377610 69.765089
152 1.499309 1.737660 1.009031 117.240678 85.284772 39.183214
153 1.456325 1.469744 1.122319 112.388296 117.537141 166.113728
154 1.406243 1.837544 1.000361 111.503048 119.624643 134.561395
155 1.552321 1.705570 0.995364 109.085472 132.495694 123.514924
156 1.473656 1.472727 0.908411 107.561876 135.648833 81.654279
157 1.457001 1.710351 0.876827 114.361357 103.933609 106.319220
158 1.535615 1.689463 0.909364 110.040352 111.283956 8.440073
159 1.514068 1.661387 1.015302 116.020089 122.418970 85.437049
160 1.487818 1.661893 1.030862 103.435515 132.862441 139.855012
161 1.497246 1.519484 0.968871 99.513753 114.844399 119.981466
162 1.445526 1.474778 1.069548 103.456087 162.984675 24.246671
163 1.494239 1.767540 0.977426 116.000184 114.230035 89.605310
164 1.475594 1.444655 0.929760 101.694975 125.828602 8.834165
165 1.452076 1.811144 0.905907 111.761149 130.144850 74.754296
166 1.515670 1.645510 1.055761 104.548961 109.872447 32.657946
167 1.514406 1.533748 0.967240 104.645983 136.468925 148.581981
168 1.414814 1.562296 0.974152 98.889733 84.480255 19.006750
169 1.434795 1.790529 1.036083 105.110014 106.935143 172.995442
170 1.507640 1.815746 1.059633 114.827609 91.586644 113.396856
171 1.469275 1.677544 1.082015 151.461285 140.820891 174.564571
172 1.435001 1.670699 0.953282 89.479646 99.678973 25.068752
173 1.475740 1.515107 0.971214 115.275970 110.494875 8.864888
174 1.573389 1.677930 1.024394 113.483743 112.119732 25.611022
175 1.503187 1.726710 0.889226 130.278372 90.754686 156.148890
176 1.558443 1.612621 0.929946 102.953087 116.477379 172.123987
177 1.464863 1.441827 1.092830 121.364356 107.798672 173.178685
178 1.442415 1.632080 1.079621 119.699511 127.274054 164.382036
179 1.351136 1.542876 0.963278 114.938977 115.176534 109.459447
180 1.429986 1.554647 1.008310 110.288299 127.321357 12.595624
181 1.483090 1.714710 0.917942 107.713130 118.884172 163.493461
182 1.524662 1.663602 0.922895 113.958942 103.120331 118.323088
183 1.467112 1.536738 1.070392 107.699979 101.608237 78.383964
184 1.563685 1.661334 0.943644 119.409802 123.439683 86.402247
185 1.461989 1.624661 0.967875 126.306981 117.099770 16.728174
186 1.686787 1.528836 0.963683 107.034933 145.349393 168.943237
187 1.396253 1.619085 0.824748 97.594660 117.884458 45.819338
188 1.497356 1.610198 1.070212 123.785969 100.647356 26.453285
189 1.481804 1.724565 0.935320 98.736021 95.926894 163.976477
190 1.444485 1.570606 0.884551 115.101241 111.341804 77.168162
191 1.488682 1.671097 1.024449 105.507251 137.834108 133.293893
192 1.436073 1.642563 0.972590 108.647343 105.874424 13.841429
193 1.532091 1.569469 1.089979 99.301198 140.679813 31.827428
194 1.525068 1.603152 0.999125 127.083395 117.231429 23.411608
195 1.470882 1.785226 1.120258 123.755527 118.428323 174.201479
196 1.509348 1.709619 1.139401 102.780117 141.323618 157.985265
197 1.409761 1.535113 1.038274 122.123594 113.956891 3.825590
198 1.503610 1.666414 1.179428 127.840117 110.196724 111.522866
199 1.539861 1.374298 1.059209 127.405747 118.042497 1.912765
200 1.403257 1.539739 1.103154 123.417562 123.724858 117.103797
201 1.507160 1.661929 1.106256 119.550291 151.828443 44.087277
202 1.442027 1.500367 0.934741 111.106085 153.562380 165.485577
203 1.406301 1.684885 1.002253 108.096632 100.798708 170.347486
204 1.465702 1.654163 1.058478 119.143395 131.983314 11.390253
205 1.369933 1.705871 0.918390 105.859512 124.651020 25.356584
206 1.458784 1.696799 0.883007 114.069166 105.779525 160.099114
207 1.312590 1.606180 0.856769 121.395059 129.627060 36.436480
208 1.547569 1.582499 0.976535 112.620890 102.653984 49.253132
209 1.622885 1.629264 0.905424 120.412553 109.681116 37.559395
210 1.498792 1.464236 0.999115 129.111223 150.760298 10.195051
211 1.464951 1.526363 1.033863 121.317370 92.669750 82.622003
212 1.531784 1.931999 0.976008 110.452006 162.255727 173.676263
213 1.425091 1.606053 1.092892 107.410589 113.479943 96.589171
214 1.419592 1.904668 0.932483 103.299997 134.478282 145.340144
215 1.438038 1.702596 0.869085 120.536118 119.363492 53.979842
216 1.429508 1.678954 0.926310 115.556383 126.320638 126.021070
217 1.387111 1.784549 0.952118 121.059103 121.829495 0.508096
218 1.474849 1.649167 1.017207 100.279690 121.458799 118.528326
219 1.429055 1.646810 1.020626 112.268815 119.838203 60.177348
220 1.509559 1.545858 1.048557 101.522960 142.968517 34.223684
221 1.501019 1.593975 1.006489 116.162657 107.442458 118.739582
222 1.532425 1.651319 0.914934 102.616156 129.276861 170.219979
223 1.556037 1.629799 0.934378 115.833358 109.772435 41.308958
224 1.489152 1.595010 1.018623 96.580068 127.722778 107.780467
225 1.564834 1.561652 0.844863 129.058476 113.674048 137.461404
226 1.434437 1.602559 1.045475 107.953705 125.092306 68.297341
227 1.560664 1.530265 0.942307 105.434350 115.457583 127.015585
228 1.526243 1.601632 0.963236 114.972109 114.186479 9.657035
229 1.493902 1.774787 0.939199 126.050864 104.278589 61.883695
230 1.488404 1.739453 1.003919 136.897880 107.728134 4.539223
231 1.445677 1.642889 1.064025 110.295501 126.486342 106.781237
232 1.520212 1.666317 0.919124 111.481384 108.711499 62.204900
233 1.522990 1.710450 0.955341 105.962828 144.594086 39.190874
234 1.480903 1.581918 1.022420 104.273072 118.829102 54.196926
235 1.461248 1.645376 0.936837 105.021332 126.239909 153.704698
236 1.462540 1.726333 0.927954 118.681349 86.413439 48.737127
237 1.441060 1.640263 1.016821 118.012335 91.683549 134.471330
238 1.418500 1.952077 0.979654 97.373020 141.032591 39.292217
239 1.545269 1.593841 1.024592 116.816167 108.350231 102.318651
240 1.614086 1.463848 0.933825 108.166814 100.789383 165.808714
241 1.517610 1.489446 1.083213 131.283589 122.955077 36.422489
242 1.427883 1.678833 0.988209 130.860553 110.917945 59.126502
243 1.447201 1.732240 0.941978 106.719301 153.730798 94.138616
244 1.537364 1.545806 0.959614 126.333649 129.351029 172.258599
245 1.448097 1.591660 0.976369 123.318102 112.177829 107.013460
246 1.532053 1.708560 0.980168 124.899940 118.235379 10.269616
247 1.474750 1.618613 0.912548 106.042922 118.747017 158.271016
248 1.486653 1.583313 0.926936 108.908792 117.178845 147.493120
249 1.578217 1.788936 1.068925 108.080201 107.395452 26.457566
250 1.511521 1.806297 0.976210 122.833566 100.549811 48.684028
251 1.545839 1.506634 1.023810 112.191284 98.600886 12.219624
252 1.527779 1.759782 1.169302 117.432266 119.331035 126.005683
253 1.443121 1.765553 0.896965 111.473654 114.131716 40.321703
254 1.517626 1.657782 1.019846 116.455511 102.729454 7.006236
255 1.493259 1.416022 0.928590 111.301033 107.917653 137.466775
256 1.607662 1.489255 1.121278 116.077325 94.426773 14.060768
257 1.332604 1.617860 0.970884 122.548065 75.179481 23.159451
258 1.489629 1.535852 1.032958 125.050661 88.216881 48.504719
259 1.485960 1.564694 0.976728 130.471695 108.133570 17.783873
260 1.421472 1.787907 0.972056 113.113953 101.207506 115.079523
261 1.497288 1.805615 0.943483 111.145121 79.974258 163.288895
262 1.392258 1.808118 0.984798 114.222557 145.926695 29.320824
263 1.465527 1.914749 0.951654 117.353297 127.969692 139.428563
264 1.447250 1.536255 1.129307 106.716372 142.916911 71.200154
265 1.351412 1.554902 0.920523 125.685603 137.279000 121.291710
266 1.458510 1.482927 1.030731 96.836930 117.234117 15.833990
267 1.534217 1.563100 0.897479 115.314133 126.837067 166.309024
268 1.440008 1.499685 0.996562 102.378985 126.078192 149.548889
269 1.465320 1.569105 1.028682 114.495033 107.874841 18.241542
270 1.571333 1.601695 1.127291 108.921639 111.541973 32.595345
271 1.487822 1.683207 0.974413 106.090723 145.798403 74.557006
272 1.528270 1.658553 0.884308 114.787347 94.374864 18.183161
273 1.499412 1.828646 1.123352 109.270702 92.674839 53.485040
274 1.447248 1.648266 0.945167 97.872518 142.104383 86.176372
275 1.444632 1.646942 0.899591 111.025348 110.712796 150.074849
276 1.606779 1.556753 1.066329 101.469499 131.791775 122.196366
277 1.558228 1.521933 0.948403 118.982335 99.099957 9.137692
278 1.446938 1.421255 1.169887 98.690528 90.151251 49.894273
279 1.476914 1.514678 0.960113 113.253916 83.332196 30.884374
280 1.456412 1.599546 1.007595 113.289619 158.318781 178.655002
281 1.468311 1.651215 1.120969 118.069117 127.223006 149.707220
282 1.386200 1.841914 1.034511 117.039647 127.562016 52.174813
283 1.492841 1.646911 0.967181 122.832337 110.544432 5.733982
284 1.371806 1.533053 1.057775 102.870743 163.237507 25.975891
285 1.532509 1.610784 1.043821 110.638196 117.493610 33.712005
286 1.433116 1.493168 1.017446 103.780628 130.007010 42.773597
287 1.435921 1.752897 0.954091 107.278646 160.687850 178.334430
288 1.381900 1.702591 0.983290 117.474753 97.442793 139.505394
289 1.500531 1.816251 0.961153 114.605624 109.906510 133.812205
290 1.658184 1.613376 1.113516 113.463955 148.958995 142.540900
291 1.446294 1.884171 1.235280 113.889507 128.544291 83.583413
292 1.476386 1.655871 1.068610 127.726375 109.200763 159.834759
293 1.459978 1.718675 0.933431 119.226735 161.580990 131.185923
294 1.471622 1.638434 0.982052 120.927967 110.107707 28.996955
295 1.611852 1.477155 1.003997 114.235861 121.823789 149.054317
296 1.425557 1.620564 0.990625 106.071634 115.759355 58.798180
297 1.445214 1.464684 1.113654 118.675146 123.742318 120.475998
298 1.425474 1.693767 0.963463 112.060449 130.034635 171.967585
299 1.457201 1.591770 1.070183 103.112128 133.108056 168.669852
300 1.603326 1.882568 0.987768 112.291004 141.454855 33.895424
301 1.537710 1.504269 0.982032 113.248676 89.045245 10.574305
302 1.405287 1.816190 0.940984 99.346239 98.016582 87.174646
303 1.460293 1.727116 0.951368 129.295465 99.451731 2.961260
304 1.483756 1.484178 1.078454 100.906054 96.712599 24.387232
305 1.497475 1.678515 0.943234 129.802347 143.648259 102.147744
306 1.522906 1.680114 0.887293 111.225853 134.071576 94.096981
307 1.460235 1.489799 0.899097 120.831227 127.551414 0.838506
308 1.396741 1.666885 1.249131 108.339875 105.991935 141.393916
309 1.450171 1.651004 0.937186 99.149549 119.939985 50.631967
310 1.509875 1.549646 0.859907 115.681682 136.557927 30.316488
311 1.442344 1.618393 0.959706 118.484812 128.465654 49.830477
312 1.483223 1.571659 0.965147 112.710210 110.603344 56.052087
313 1.431114 1.759412 0.993604 98.294425 123.093500 138.061271
314 1.521816 1.561948 0.941902 105.799233 106.893863 9.034949
315 1.580944 1.682688 1.074760 112.695963 104.259322 42.617805
316 1.483566 1.529167 0.968426 114.318153 137.128153 55.333298
317 1.517809 1.782046 0.949488 104.294808 98.656001 165.375112
318 1.448118 1.465680 0.921001 119.469155 104.180045 177.306185
319 1.423231 1.487709 1.053678 112.215176 126.689269 170.608914
320 1.439185 1.735699 0.984562 108.677164 135.410420 21.989569
321 1.506728 1.703800 0.909453 124.947994 112.785520 112.395314
322 1.473685 1.524175 0.957083 95.149203 165.503295 45.527055
323 1.401937 1.551870 1.166624 112.980172 112.967716 28.599154
324 1.511496 1.809977 1.022211 102.125082 118.353932 30.577576
325 1.434948 1.642809 0.987257 99.770275 144.344021 85.739431
326 1.511537 1.855979 0.938956 104.987690 133.712699 45.817973
327 1.509489 1.481297 0.936045 99.218154 142.448947 116.355497
328 1.680809 1.442358 1.035859 107.445749 136.369713 109.649594
329 1.458083 1.651838 0.985399 116.104933 136.975883 64.052098
330 1.527419 1.723615 1.078596 99.081942 100.952635 102.204944
331 1.432150 1.535225 1.021477 118.758711 97.191171 163.629342
332 1.376174 1.779052 0.901980 112.048671 108.656213 159.072497
333 1.472130 1.610867 0.950340 103.160863 97.599398 111.620887
334 1.489187 1.584569 0.904428 96.444808 124.559058 167.883374
335 1.502467 1.785856 1.126217 106.526353 101.706590 150.846278
336 1.422316 1.481211 1.023729 110.198680 92.983821 47.698678
337 1.561834 1.571849 1.008756 109.239530 103.623899 41.595255
338 1.520344 1.524056 1.001941 112.091099 177.447604 126.386196
339 1.549449 1.587670 1.031121 111.598061 106.500637 62.190232
340 1.502806 1.676425 0.851409 114.849807 91.725243 55.216529
341 1.554716 1.559898 1.045741 118.857300 133.781794 60.532620
342 1.440254 1.582664 0.875686 124.177577 90.812379 81.577690
343 1.517529 1.658072 1.140079 135.785605 89.409516 177.731140
344 1.404752 1.506728 1.016769 106.661202 102.715542 27.187835
345 1.439024 1.484934 1.128306 106.919322 114.555645 26.360561
346 1.473846 1.958338 0.921132 124.501073 127.908342 155.564897
347 1.499030 1.656191 1.048367 102.559139 104.023091 20.203714
348 1.604993 1.540638 0.898147 139.775473 113.423072 168.939061
349 1.424323 1.576603 1.030072 116.459841 92.531037 55.331504
350 1.522645 1.721604 1.114289 105.528500 88.929770 4.355404
351 1.498174 1.905174 0.907935 93.847378 121.621045 122.924093
352 1.457014 1.658296 0.934564 96.080218 132.776746 154.186496
353 1.577635 1.602746 0.859827 107.376713 132.885051 13.140478
354 1.459283 1.724678 0.962127 99.528346 106.183377 44.700531
355 1.423858 1.647066 1.073256 120.640903 107.246460 161.870862
356 1.363088 1.636015 0.927995 105.805873 134.554499 35.620896
357 1.437034 1.661878 1.154995 119.764123 98.126493 38.585828
358 1.453888 1.439611 1.147836 107.529857 95.024006 177.833579
359 1.424034 1.579437 1.045465 111.097309 155.805361 17.960542
360 1.522508 1.590185 1.074010 99.291159 116.023811 29.191388
361 1.442484 1.651245 0.918705 125.537668 128.000474 149.329681
362 1.420360 1.573842 0.963192 101.201431 129.596505 20.768995
363 1.444355 1.651109 0.994355 119.339709 137.502150 67.319805
364 1.474387 1.608302 1.017073 111.920241 97.999096 5.019736
365 1.439869 1.641245 0.815014 102.381579 102.756299 9.774767
366 1.474972 1.524093 1.017977 105.332763 111.297678 173.800699
367 1.486833 1.590043 0.998586 103.459344 132.032760 178.166493
368 1.376300 1.662668 0.916885 115.981203 98.773025 31.737726
369 1.475827 1.838200 0.949922 98.636251 92.971560 158.102806
370 1.555699 1.737624 1.035472 125.568097 117.576161 55.149956
371 1.490477 1.550058 1.044594 114.186028 105.854239 28.400019
372 1.496992 1.481235 0.909965 117.704668 147.633038 179.347822
373 1.432146 1.615907 0.977757 124.510176 96.992800 178.404675
374 1.445866 1.600392 0.849914 103.896334 111.485012 44.692194
375 1.501238 1.683856 0.932523 120.684338 163.433478 62.042797
376 1.480654 1.734271 1.014796 108.576225 96.336368 82.248276
377 1.439895 1.607181 0.900178 100.208240 139.338657 95.380349
378 1.429979 1.634169 0.927390 112.295398 119.193292 130.636467
379 1.427685 1.469651 0.865986 108.487097 147.448242 123.506287
380 1.565561 1.524791 0.928164 114.052163 136.184796 20.578239
381 1.434041 1.629699 0.875282 112.280455 151.779410 10.198899
382 1.464042 1.728828 0.920548 121.833132 124.293846 154.257609
383 1.478299 1.648304 1.014021 140.398091 171.578606 103.549982
384 1.583827 1.619815 1.020706 127.266488 90.378190 166.083516
385 1.554968 1.641732 0.963499 112.789019 102.749468 158.376524
386 1.380520 1.834517 1.130932 118.844214 125.602482 140.959484
387 1.504867 1.628064 1.002200 129.254334 105.357839 20.523921
388 1.384896 1.825458 0.966896 124.294127 118.760422 54.469549
389 1.454634 1.597101 0.874355 118.302288 119.490185 5.140732
390 1.445397 1.511515 0.925981 97.226647 141.369535 166.717985
391 1.394195 1.789462 0.867008 132.887040 166.739420 169.888828
392 1.454288 1.608482 0.981020 107.068586 139.063858 125.029776
393 1.371530 1.930060 0.985315 99.215788 123.793468 7.322327
394 1.472078 1.899050 0.900902 101.524252 122.895221 117.574334
395 1.519258 1.642521 0.825888 95.776177 82.171973 71.421267
396 1.513411 1.665210 0.987970 117.306113 95.402770 112.956547
397 1.348314 1.465160 0.899501 111.174038 149.295387 43.016000
398 1.415187 1.505413 0.944883 126.031811 124.060813 2.627198
399 1.494150 1.695654 1.028316 113.513574 123.462783 108.063816
400 1.403827 1.718892 1.131738 126.846903 122.783317 14.670597
401 1.463788 1.651670 1.019374 105.698914 101.719134 174.350999
402 1.436763 1.635013 0.947611 123.816452 108.287245 70.309425
403 1.441370 1.629788 0.981082 109.795814 127.153615 15.357663
404 1.551267 1.615130 1.039670 111.434613 123.622020 8.705279
405 1.430201 1.636847 0.917573 112.947268 119.107509 98.844356
406 1.502400 1.582089 1.109870 121.438051 138.163945 146.365309
407 1.487690 1.593793 0.987469 108.147401 124.712912 19.251646
408 1.419247 1.530269 0.936680 105.250137 136.332939 168.531543
409 1.470426 1.523796 0.982684 103.387590 165.147771 37.339917
410 1.569146 1.562960 1.152562 118.751029 131.366780 26.460496
411 1.413108 1.612262 1.016374 105.588090 121.905497 50.457251
412 1.472228 1.709086 0.938398 117.286267 104.754864 153.045634
413 1.463021 1.639298 0.950865 114.626785 101.542736 97.877527
414 1.505022 1.547254 1.007738 114.682787 128.223779 33.709372
415 1.515292 1.623286 0.943380 114.378052 116.715443 19.400616
416 1.376498 1.466594 0.967961 120.533412 141.105465 59.697906
417 1.436592 1.681684 1.032853 125.254548 141.246344 20.504349
418 1.693397 1.802177 0.961169 106.103908 124.553122 143.458193
419 1.389030 1.773541 1.137375 115.843274 105.479687 138.949344
420 1.526893 1.895013 0.824956 115.266767 161.735507 159.736164
421 1.425573 1.610077 1.027477 115.583622 122.066392 2.402710
422 1.497300 1.674097 1.045283 119.053598 98.070289 25.717074
423 1.529770 1.699335 0.943348 114.665061 161.972527 37.546309
424 1.378736 1.520097 1.054893 86.372554 144.272491 108.433492
425 1.380251 1.597086 0.988623 111.820467 96.113961 63.813680
426 1.497332 1.519839 0.902676 105.049328 104.299859 6.893895
427 1.535553 1.682243 0.895510 111.796549 92.187856 147.032417
428 1.395892 1.623059 0.889479 101.222642 140.824250 42.670342
429 1.563605 1.566930 0.911304 129.662531 97.995901 43.515894
430 1.452068 1.720854 1.096954 123.563728 106.671757 176.678192
431 1.428703 1.616218 0.997509 103.393465 124.334433 35.715762
432 1.525027 1.579773 0.997126 124.406489 110.753676 73.202844
433 1.512838 1.657912 1.010367 108.256971 153.397443 82.446712
434 1.536928 1.664005 0.875788 116.073522 98.674385 158.864045
435 1.422570 1.658845 0.930837 94.225229 105.755518 58.837429
436 1.529639 1.596572 0.931859 100.653764 178.202387 156.112050
437 1.471273 1.513121 0.984996 129.797970 102.117618 21.343936
438 1.460732 1.514828 1.013063 125.859077 174.903663 18.268307
439 1.497490 1.665959 0.984649 110.396492 97.534079 25.158388
440 1.490484 1.593185 0.978894 112.939536 126.587184 87.156804
441 1.430285 1.789397 1.009657 127.047041 107.050778 20.140347
442 1.428428 1.562500 0.903097 134.136786 171.398560 1.183255
443 1.471615 1.689929 1.094430 101.979815 140.375983 164.424706
444 1.470688 1.726916 1.070615 95.871159 132.676926 36.911714
445 1.512530 1.596091 0.931880 104.855138 114.457806 4.248419
446 1.496259 1.665068 0.949736 116.757281 99.128387 21.970611
447 1.493306 1.475502 1.022202 105.443360 144.241552 130.783917
448 1.442435 1.668589 0.963802 120.765928 118.264714 93.164975
449 1.561300 1.619259 1.005448 110.706419 132.080625 150.736319
450 1.593837 1.910217 1.044153 107.012618 113.944621 64.450223
451 1.450010 1.594109 0.945190 122.980489 108.023489 69.247295
452 1.397305 1.677458 0.904910 82.951992 113.436139 5.900096
453 1.465636 1.705228 1.044753 102.925284 124.745716 166.925065
454 1.495500 1.652581 1.202429 109.199217 116.893589 64.726945
455 1.448580 1.581855 1.101078 104.567296 106.173968 63.404415
456 1.532625 1.548599 0.937137 117.582632 113.302110 160.541066
457 1.396825 1.629424 0.929232 107.138123 92.805879 24.114771
458 1.511930 1.760020 0.938658 120.529517 129.172225 148.951425
459 1.518425 1.474234 0.906425 107.710686 164.178149 7.490957
460 1.404944 1.600945 1.031433 115.205295 124.247406 160.153399
461 1.383694 1.479832 0.855788 113.125135 89.193511 40.047667
462 1.449435 1.601644 1.064237 113.590090 127.025091 35.368096
463 1.370123 1.735178 0.971251 110.047459 98.283778 33.181630
464 1.485418 1.873249 0.963131 111.698702 120.923783 19.430192
465 1.439367 1.835598 0.951003 114.135177 118.924049 101.519937
466 1.486687 1.648693 1.016415 125.678386 134.061634 3.423447
467 1.553881 1.708758 0.915714 127.095160 110.042214 147.103564
468 1.449638 1.763515 0.966994 102.938088 113.672220 31.052880
469 1.431771 1.439299 0.946880 113.262139 123.201893 135.515473
470 1.450978 1.687648 0.903367 108.699779 127.550492 100.651023
471 1.410934 1.849857 0.987820 115.258578 152.710591 170.554055
472 1.519601 1.652618 0.971900 106.470349 120.952485 95.529506
473 1.431180 1.496187 0.865097 102.907384 115.132334 131.126333
474 1.464440 1.670064 0.984487 111.708660 85.761798 90.596278
475 1.684192 1.751796 1.019837 122.590867 112.955426 67.187852
476 1.454936 1.574129 0.983994 101.192511 124.070059 111.647864
477 1.376152 1.478999 1.163686 113.452534 118.243144 109.397853
478 1.428002 1.504468 0.958989 106.096680 118.526310 145.420181
479 1.551403 1.625215 1.069142 120.694141 150.812373 164.941531
480 1.466082 1.797226 0.933051 124.398647 93.601456 140.149857
481 1.443599 1.544847 1.085861 108.278130 141.382642 121.121144
482 1.421558 1.672845 0.891077 110.656104 107.227684 12.921571
483 1.400128 1.564114 0.915499 126.918121 112.418707 2.572637
484 1.475053 1.536280 0.921797 118.768539 128.746358 81.274464
485 1.430723 1.759750 1.054701 117.753493 96.859052 21.149961
486 1.509137 1.512543 0.961875 111.951736 113.742508 177.955726
487 1.372102 1.528893 0.883535 105.110643 141.430028 71.540975
488 1.555347 1.604172 0.999622 113.166127 115.211574 144.499956
489 1.528278 1.522131 0.977996 105.549777 165.664138 150.971785
490 1.506429 1.778550 1.119311 103.983692 146.862484 52.342310
491 1.483629 1.646926 0.874247 97.976170 120.128388 95.542793
492 1.374600 1.680098 0.998410 131.066566 125.118079 133.512023
493 1.527890 1.694587 1.031651 117.690715 105.950034 64.180498
494 1.521073 1.496925 0.959926 114.888346 108.648187 127.517289
495 1.465584 1.679963 0.971608 97.675400 139.733610 90.359696
496 1.510962 1.676761 1.016779 113.606492 120.700890 162.247596
497 1.468527 1.688206 0.977078 121.694658 120.655918 77.846289
498 1.444389 1.904615 0.983771 120.198833 113.489432 176.806247
499 1.539310 1.562101 0.848670 124.933703 105.017441 19.573520
500 1.632840 1.890637 0.857858 118.235086 109.215222 15.548770
501 1.500462 1.487408 1.018975 99.385842 144.051481 47.018699
502 1.413616 1.554550 0.966633 120.088453 118.549973 77.531020
503 1.525636 1.529989 0.981860 116.026217 106.083153 7.646514
504 1.419882 1.447043 0.979619 131.270048 106.151227 20.962683
505 1.486897 1.581523 1.001027 95.776237 95.658569 16.986380
506 1.548803 1.563373 0.900975 124.475735 110.412682 162.613234
507 1.469854 1.544745 0.940205 109.031283 115.791395 89.635706
508 1.442958 1.646529 0.957042 123.814729 139.501137 96.947103
509 1.409897 1.535236 0.993938 115.774541 95.973733 141.136461
510 1.483112 1.536579 0.956636 108.201400 110.676879 128.716887
511 1.563774 1.573708 1.015448 116.682127 117.498104 150.606773
512 1.572031 1.707070 1.060519 130.895798 126.250789 44.787292
513 1.511948 1.688022 0.936931 103.257297 101.900056 114.465415
514 1.429325 1.858207 0.997079 109.874707 124.465083 151.372539
515 1.521147 1.586075 0.998948 123.152521 116.835563 38.548616
516 1.684559 1.711477 0.899261 93.014468 126.849836 40.982639
517 1.441075 1.714077 0.991508 119.148382 92.005287 167.119645
518 1.466179 1.705306 1.016474 139.996818 107.150532 49.608337
519 1.513809 1.822375 1.130417 98.009554 154.418690 46.123926
520 1.450404 1.524206 1.009272 114.251476 158.153156 53.464424
521 1.413423 1.636160 1.019310 116.437248 95.755789 17.715444
522 1.424498 1.710521 1.128454 109.993544 118.050100 109.121684
523 1.520472 1.720055 0.916820 115.309233 129.225820 107.845426
524 1.552657 1.504448 1.028136 130.716706 135.200139 33.965798
525 1.541801 1.634538 1.078778 114.884522 150.588012 125.834068
526 1.506864 1.589936 0.926470 117.423886 106.926490 144.595507
527 1.550692 1.679820 1.027272 101.750336 118.758916 134.965593
528 1.509266 1.618134 1.043804 131.500859 112.260810 105.562560
529 1.625659 1.642053 1.010165 105.885044 118.416861 120.824266
530 1.483061 1.668809 1.038765 113.743475 179.718994 73.868355
531 1.527019 1.776228 0.932211 98.504170 95.049536 71.974708
532 1.447478 1.800242 0.967857 120.822179 147.742363 13.855041
533 1.510035 1.680118 1.033559 120.500499 144.653210 41.963258
534 1.286603 1.748181 0.921000 114.630775 118.801416 154.066063
535 1.396002 1.944211 0.927559 100.423693 114.014240 2.450408
536 1.446864 1.598209 1.051216 108.556113 106.351793 138.225055
537 1.462469 1.580154 1.012992 109.996893 114.068630 179.770419
538 1.432985 1.711712 0.956537 107.088948 112.508155 26.188718
539 1.480108 1.663635 0.934446 103.317835 105.517982 71.336176
540 1.491456 1.474489 0.994198 111.992669 113.537198 63.504437
541 1.628932 1.741116 1.067226 103.584610 123.876696 9.903462
542 1.508422 1.733399 0.942409 128.072462 103.372330 18.799163
543 1.402651 1.613337 0.814212 108.133735 113.189978 147.090455
544 1.488376 1.465003 0.970697 109.957226 132.923427 137.823232
545 1.410074 1.961933 0.970849 112.326525 102.050726 110.606713
546 1.409693 1.716709 0.893285 114.999012 137.393868 21.680271
547 1.461656 1.540157 0.979577 111.024701 118.230628 165.617896
548 1.477144 1.665111 0.931381 89.156024 101.624823 133.054950
549 1.478458 1.699662 0.910584 116.369648 85.521283 86.067300
550 1.510401 1.577757 1.113509 109.695759 120.270754 166.602937
551 1.468270 1.824531 1.084191 113.219654 116.412556 3.692417
552 1.534554 1.660183 0.917959 108.409764 137.021958 157.597125
553 1.457536 1.743430 0.987314 101.012478 96.526377 7.337310
554 1.470721 1.804183 0.889200 126.262793 153.946078 56.661871
555 1.321345 1.701498 0.938488 110.296448 126.753963 3.018817
556 1.439084 1.546682 0.924940 101.099562 131.452339 34.575827
557 1.513726 1.783232 0.932406 125.696301 124.058740 43.276503
558 1.435321 1.540538 0.974444 114.614719 101.095017 165.060742
559 1.450841 1.820238 0.859318 110.075897 128.836151 98.365876
560 1.513335 1.593455 1.132477 111.596841 107.800880 79.055469
561 1.484833 1.497176 0.997771 116.783445 121.098259 29.949974
562 1.508554 1.556559 1.021133 114.301518 142.189180 26.975112
563 1.443889 1.548060 1.076183 130.822397 166.508059 89.570912
564 1.613150 1.599570 0.928590 123.323896 111.475214 178.123142
565 1.486669 1.653689 1.032134 110.189272 134.891802 158.532710
566 1.472544 1.619852 0.864382 109.305148 100.547644 11.146110
567 1.388280 1.621084 1.185091 122.744620 117.921504 133.016282
568 1.493557 1.678041 1.027631 131.380824 112.474929 38.441002
569 1.471118 1.614815 1.040200 115.528558 111.231267 18.995637
570 1.465117 1.498510 0.943426 104.475900 117.932028 159.044231
571 1.540136 1.556153 0.966344 99.806800 125.977685 167.601054
572 1.483770 1.740579 0.972470 115.013249 98.802851 84.957710
573 1.488402 1.545957 0.974546 114.953022 136.387747 167.305458
574 1.575049 1.599997 0.984775 115.941696 162.564623 19.815314
575 1.470072 1.620606 0.857842 113.127281 121.245574 157.128251
576 1.577163 1.823355 1.068504 120.912846 120.440900 168.034566
577 1.423878 1.565154 0.860929 106.366399 116.149070 178.494072
578 1.451302 1.863481 0.921089 144.341757 139.561760 25.475210
579 1.491533 1.504388 1.034539 129.506932 103.658418 61.149853
580 1.453945 1.581113 0.947538 115.781801 96.293323 167.121275
581 1.591697 1.574966 1.016234 106.515953 128.106572 158.545404
582 1.351912 1.685328 1.078992 107.455342 128.570420 177.187965
583 1.419703 1.549499 1.053796 104.282625 104.985419 17.611496
584 1.504940 1.622949 0.993265 116.928188 116.345301 114.528007
585 1.457370 1.613423 0.973862 98.852607 118.885425 163.736115
586 1.570445 1.653180 0.938817 113.100288 98.220905 78.411134
587 1.611265 1.697264 1.072637 113.676102 95.222598 31.916090
588 1.424115 1.586500 0.881967 115.421632 119.868532 34.369015
589 1.452220 1.597990 0.999219 130.188442 129.157398 133.557172
590 1.483769 1.521295 1.066884 112.642155 161.320589 33.771025
591 1.439783 1.684418 1.043317 122.375264 130.389770 154.773805
592 1.482238 1.735678 0.993966 107.591287 118.421043 10.375861
593 1.522686 1.639871 0.987944 118.820817 164.796139 8.174493
594 1.450984 1.714817 1.030264 118.870261 95.034907 51.916617
595 1.444393 1.619091 1.103342 108.551436 96.234577 16.954209
596 1.422655 1.645474 0.897409 116.884247 122.378470 8.396982
597 1.458497 1.676831 0.888195 134.309571 95.279959 10.911536
598 1.474491 1.701935 1.061699 121.119256 108.317365 44.035618
599 1.456773 1.619986 0.922748 113.203655 112.284337 81.168055
600 1.513607 1.812841 0.938463 108.232187 147.556502 47.819442
601 1.530064 1.431011 1.095501 102.881670 132.044712 109.397944
602 1.391342 1.518556 1.108773 124.265835 98.707406 172.205510
603 1.701268 1.669480 0.856266 115.304207 130.200727 2.681448
604 1.339417 1.775771 1.023991 125.610063 120.124077 13.485779
605 1.639625 1.786037 1.006335 122.991338 130.425688 113.336873
606 1.470192 1.815532 0.990680 112.856072 114.749291 32.269061
607 1.563153 1.646238 1.027104 122.001850 145.277971 157.039359
608 1.459178 1.762420 0.982585 105.924724 89.782095 132.115902
609 1.471146 1.847444 0.965857 121.284701 129.423772 32.251375
610 1.462962 1.658799 1.030158 117.188927 91.606113 169.649323
611 1.466773 1.611697 0.955610 119.397950 70.069335 137.990509
612 1.500500 1.769271 0.844839 129.885238 87.837660 60.229274
613 1.512433 1.634686 0.924214 117.155372 122.754046 27.947411
614 1.551325 1.498084 0.935601 112.021481 132.581965 143.755072
615 1.473364 1.668203 0.954295 117.262193 121.139530 55.079254
616 1.527000 1.569546 1.057606 105.665093 126.897427 121.174592
617 1.557024 1.561170 0.966996 112.366772 102.407911 178.063524
618 1.516145 1.637693 0.959435 101.907354 94.687258 19.195976
619 1.510415 1.615845 0.986239 113.614733 114.142186 16.481422
620 1.407513 1.808409 0.951745 110.230720 118.027055 117.164692
621 1.586321 1.706405 0.979573 99.767413 138.873765 12.100331
622 1.451291 1.614660 0.947719 103.123014 133.078344 24.392069
623 1.509444 1.465972 1.008072 115.674714 120.710220 160.875693
624 1.418186 1.740465 0.931477 125.858201 108.650299 120.342417
625 1.422637 1.567319 1.010121 121.204027 147.570142 28.145951
626 1.462147 1.565517 1.008411 99.958515 116.306745 145.464796
627 1.384215 1.631972 1.020715 104.911682 155.066588 129.954789
628 1.571849 1.607026 0.931510 106.409609 121.345247 40.945933
629 1.514932 1.515041 1.018747 134.023976 167.988570 166.902427
630 1.472134 1.730729 1.072114 129.008016 129.371158 9.406696
631 1.462571 1.458061 0.964072 106.960282 128.778045 13.768810
632 1.382401 1.641489 0.955730 124.773931 94.799870 63.853394
633 1.353945 1.593253 0.985155 123.910810 176.467538 174.905468
634 1.500761 1.492880 1.073277 117.886770 95.904453 87.790704
635 1.482026 1.576248 0.940695 127.018931 105.431107 36.606604
636 1.439031 1.671698 1.039366 101.052611 138.449036 0.453154
637 1.518193 1.377897 0.964022 104.644729 143.461610 79.347645
638 1.409608 1.860158 0.946641 104.904847 104.527921 124.414026
639 1.447881 1.507462 0.998826 117.297820 115.470484 4.588083
640 1.425805 1.469610 0.921340 116.668137 108.535381 97.055431
641 1.477175 1.514962 0.908954 115.311426 107.186240 166.019030
642 1.501394 1.646490 0.927719 108.218417 108.137255 163.719317
643 1.477630 1.638551 0.942885 115.249909 101.518268 163.701120
644 1.424366 1.796608 0.912513 110.135210 133.679049 67.381841
645 1.469007 1.703992 0.938725 104.512785 152.261135 16.475772
646 1.441485 1.619321 1.056296 110.323142 154.606965 139.788214
647 1.674017 1.468545 0.908135 101.451583 120.256810 172.434132
648 1.552363 1.614446 0.990572 119.152779 115.158777 15.648200
649 1.462025 1.641392 1.146225 111.549418 104.144965 119.723223
650 1.569079 1.687879 1.034314 100.808785 121.978298 59.486165
651 1.528694 1.513611 0.998383 127.975531 110.488058 47.354267
652 1.491342 1.600381 1.192935 114.391893 97.327785 4.743212
653 1.460020 1.705421 1.098122 107.157398 147.403655 164.390102
654 1.457343 1.704700 1.042556 115.795492 105.306623 22.727197
655 1.394973 1.624249 1.013883 118.387832 114.233573 34.233690
656 1.536052 1.534390 0.861343 108.300715 100.905914 66.459824
657 1.523621 1.779790 0.849710 107.084878 127.611641 178.780358
658 1.425396 1.576581 1.030003 128.825968 107.491525 10.836641
659 1.482762 1.423390 0.973945 117.635414 159.112193 100.264817
660 1.466266 1.549911 1.017212 108.263037 103.527644 48.391204
661 1.569486 1.711116 0.887108 125.943022 146.504026 3.635232
662 1.586974 1.415284 0.986060 106.032516 107.440464 5.851976
663 1.526371 1.655913 1.011786 121.270477 147.129155 161.665639
664 1.493673 1.545411 1.036543 117.851302 106.464230 8.928456
665 1.426822 1.600280 1.085421 105.716641 135.806358 71.622226
666 1.539874 1.753489 0.948763 124.608665 110.445545 54.208529
667 1.514543 1.929340 0.991909 98.483566 136.360558 42.963035
668 1.380224 1.359959 0.953738 102.173307 106.263900 162.323703
669 1.576298 1.740730 0.897690 96.098535 110.274438 23.934804
670 1.424476 1.486225 1.026379 112.442556 124.269676 60.618170
671 1.375758 1.724196 0.963216 110.476416 111.773156 4.749197
672 1.489704 1.718605 0.911707 118.146419 118.659900 178.103695
673 1.627329 1.663334 0.929584 113.268947 96.841527 163.321113
674 1.428255 1.727371 1.021058 117.634314 95.689200 74.632410
675 1.524349 1.600847 0.947450 111.597604 91.895825 40.513799
676 1.560125 1.624571 0.970902 135.464934 107.587626 6.521416
677 1.485482 1.587253 0.984549 126.438548 103.251571 154.191710
678 1.494070 1.863878 0.992208 106.462890 142.881543 125.357469
679 1.494961 1.733038 0.886440 113.813839 107.928887 11.810959
680 1.462883 1.612606 1.041899 122.108575 145.172240 89.918941
681 1.458255 1.514826 0.888359 106.616911 118.734799 98.205827
682 1.565749 1.482988 0.948491 101.218667 89.022357 34.648589
683 1.414409 1.695633 0.962364 124.145764 138.820831 48.023479
684 1.570018 1.540496 1.024162 111.014430 93.951801 6.018385
685 1.471509 1.627467 1.076866 130.397267 171.360587 71.599853
686 1.435722 1.397804 1.013155 127.343763 121.902025 160.970237
687 1.366561 1.846953 0.936247 108.658292 95.242155 151.374279
688 1.399450 1.528890 0.961859 98.642860 100.579217 56.573362
689 1.575176 1.521404 0.945428 100.153183 114.118734 28.724509
690 1.539364 1.712917 1.055682 119.490203 148.364404 125.715622
691 1.413749 1.528992 1.086262 104.452589 85.706381 70.669649
692 1.506526 1.790378 0.969633 110.050825 108.399325 11.942236
693 1.509883 1.635213 0.947038 113.116363 121.880272 34.357619
694 1.503739 1.627258 0.947738 114.097768 79.673470 137.577545
695 1.490646 1.589493 1.010999 131.496448 111.243780 54.430382
696 1.389509 1.497828 1.108662 103.020949 118.201046 106.411158
697 1.409262 1.668050 1.052250 129.191195 122.519410 25.736929
698 1.372348 1.712907 0.921198 111.474351 117.628484 35.278696
699 1.523848 1.522301 1.013417 105.109343 95.437989 156.731025
700 1.454280 1.577755 0.924186 102.445219 110.342847 105.840860
701 1.524779 1.641190 0.925982 118.333947 136.402075 86.150292
702 1.499403 1.711252 0.972399 127.991338 159.256969 44.114613
703 1.475539 1.561833 0.929693 102.210614 125.243013 24.866026
704 1.441954 1.492611 0.957572 101.817945 138.541791 70.732021
705 1.521314 1.541443 1.048026 113.627734 169.112292 39.637847
706 1.394164 1.432839 1.068952 111.365234 106.573732 39.655331
707 1.476042 1.645053 1.053711 133.480881 115.536291 36.503005
708 1.497721 1.549176 1.058259 107.997046 83.815222 7.241824
709 1.600714 1.798696 0.912588 103.414355 123.540072 36.807094
710 1.497641 1.743215 0.880888 120.849601 92.111192 167.644543
711 1.606404 1.514381 1.114185 103.970190 108.657593 149.446310
712 1.459699 1.726243 1.078833 110.660625 112.193881 88.855337
713 1.438957 1.558597 0.884296 116.142559 113.685997 174.270841
714 1.517121 1.819555 0.981015 103.176680 119.948934 178.082050
715 1.549492 1.579760 0.856287 104.097762 118.986242 80.638658
716 1.487434 1.643369 0.936987 118.869755 132.623799 108.241248
717 1.433743 1.592428 1.128037 115.896845 148.615699 83.310537
718 1.570307 1.649173 0.949972 118.725170 113.492732 41.449195
719 1.428579 1.571646 0.939576 109.070891 125.136235 153.942317
720 1.524216 1.611453 1.049140 107.691998 137.215948 167.325102
721 1.465188 1.579679 0.994705 127.937425 118.525631 104.207340
722 1.510204 1.515176 1.132325 135.766996 154.058915 25.712164
723 1.486040 1.708206 0.960310 110.226574 98.376558 12.972563
724 1.435413 1.480711 0.937841 123.081313 117.497331 41.090969
725 1.385004 1.563857 0.961895 119.595709 141.895235 135.556398
726 1.591031 1.493660 1.105154 120.545370 146.149115 164.000855
727 1.550871 1.557717 1.023638 110.819192 119.990891 52.362276
728 1.440211 1.670819 1.006990 100.568604 136.143770 72.627937
729 1.443603 1.593571 1.033089 101.365506 100.344702 25.066622
730 1.412286 1.712131 1.009018 120.849528 123.400502 17.929014
731 1.503369 1.513316 0.937462 150.882431 94.627765 3.685942
732 1.581708 1.478222 1.122596 119.939780 120.195935 173.858340
733 1.410058 1.661050 1.041572 110.862295 123.946922 58.645592
734 1.432323 1.629222 0.921628 110.618656 104.192091 108.408946
735 1.426880 1.556382 0.817658 112.204819 112.033328 30.489140
736 1.569093 1.619567 0.948225 108.095861 125.008311 103.556146
737 1.489517 1.611683 0.979715 106.956485 113.368265 114.476738
738 1.504800 1.705951 0.976952 112.985822 98.792782 17.131139
739 1.599802 1.731544 1.113894 109.070554 148.925431 148.850751
740 1.428511 1.580659 0.988932 116.271778 136.600492 125.177744
741 1.483928 1.802226 1.033244 117.533719 128.269761 45.678823
742 1.436818 1.549695 1.052541 110.033098 138.270269 96.886341
743 1.515277 1.644645 0.948107 137.109344 108.087947 10.465121
744 1.414040 1.620332 0.931458 101.909724 119.320926 152.745734
745 1.641012 1.629788 1.006365 105.384239 110.597312 177.063681
746 1.451504 1.542632 0.992630 104.559820 162.104086 14.913728
747 1.423354 1.519474 1.031885 126.323745 139.332459 65.332344
748 1.443114 1.680071 0.928290 109.951264 105.409984 97.558765
749 1.594315 1.650050 1.011808 105.052348 82.732583 50.429836
750 1.431331 1.622743 0.990087 109.034244 111.580798 150.595492
751 1.434502 1.592133 1.156081 113.496809 128.953304 163.953446
752 1.405898 1.768487 1.212681 96.716454 132.135324 147.886571
753 1.535351 1.663257 0.942634 112.601155 87.561689 45.275166
754 1.507742 1.621127 0.945770 102.148512 138.036691 80.953119
755 1.514382 1.583640 1.043638 106.866543 134.978649 90.428267
756 1.618477 1.696111 0.939248 108.655325 128.148248 148.875149
757 1.457172 1.591536 1.074627 112.562733 117.764373 141.809497
758 1.592516 1.797731 1.073581 122.162862 147.322697 1.003910
759 1.474145 1.735077 1.045544 105.883543 124.935850 3.539800
760 1.454249 1.504580 0.937616 108.076676 96.069073 174.880550
761 1.495375 1.695501 1.015568 129.850433 121.955925 100.382207
762 1.510672 1.600016 1.195139 99.812007 108.588134 16.505262
763 1.390789 1.547029 0.988243 93.693620 119.063366 141.291043
764 1.450025 1.600765 0.968827 107.920693 128.749542 114.498091
765 1.452826 1.574653 0.945440 125.971630 106.632548 3.053651
766 1.504576 1.585698 0.872734 110.722869 150.754196 6.508652
767 1.424705 1.668415 1.159925 101.304350 133.043976 53.312988
768 1.563277 1.617073 1.004553 108.589231 165.729747 80.478588
769 1.522176 1.823610 0.875698 108.401546 164.563108 105.031629
770 1.431927 1.625858 1.058989 106.087748 102.145224 21.845572
771 1.576532 1.647048 1.012361 109.957154 120.745051 51.737517
772 1.394754 1.647712 0.926530 125.197088 94.026935 21.573121
773 1.504643 1.534419 0.931418 109.755393 106.795503 11.307040
774 1.490740 1.480744 0.905379 113.798765 117.960027 18.066436
775 1.575980 1.509262 0.939086 96.006032 129.881157 3.500238
776 1.464179 1.664026 0.997296 104.472406 118.568882 28.622726
777 1.546228 1.614310 1.013414 116.014010 145.324356 88.427560
778 1.553584 1.628443 0.987206 100.342301 82.484149 3.663755
779 1.410603 1.629262 0.973970 113.773589 106.651899 170.897386
780 1.481243 1.450860 1.059506 103.192337 167.274514 29.979321
781 1.563465 1.556536 1.015308 118.329162 130.870820 106.200118
782 1.514003 1.683520 0.989695 120.685605 121.416691 153.049587
783 1.482972 1.704577 1.053238 96.373136 109.470094 85.603461
784 1.427242 1.665925 0.953368 110.239631 133.004361 34.203147
785 1.457811 1.554276 0.931705 99.401365 151.361108 122.509813
786 1.444410 1.693619 0.985482 123.260087 146.749557 148.603773
787 1.443468 1.600944 1.005928 112.290212 121.808995 9.304598
788 1.352493 1.533602 0.988970 106.258576 126.088020 74.538734
789 1.534533 1.592781 0.992401 121.435249 121.455549 93.983315
790 1.520138 1.805483 0.997537 116.507884 119.984841 154.344133
791 1.461734 1.713410 1.112757 104.821463 110.438500 12.925036
792 1.418973 1.671494 1.189829 109.866952 98.235568 69.791701
793 1.577584 1.722378 1.033721 105.870260 165.857096 9.138473
794 1.433385 1.795801 0.874070 108.803837 114.931929 147.008644
795 1.450139 1.738357 1.011733 111.821631 152.388001 161.657084
796 1.508678 1.638439 1.003307 123.657568 95.744937 178.739915
797 1.476941 1.593804 1.016222 114.725808 110.840984 11.887651
798 1.446060 1.582355 0.904237 112.035855 101.437098 26.104528
799 1.419632 1.618165 0.975060 107.942355 134.382703 31.628339
800 1.458879 1.557987 0.956677 97.935040 120.893381 55.411814
801 1.436265 1.678909 1.039988 107.989623 128.897594 25.166765
802 1.421457 1.719432 1.095467 116.555941 97.710385 6.379755
803 1.482286 1.651306 0.815731 120.177981 90.414244 26.569328
804 1.435518 1.557562 0.867301 109.108916 149.174225 135.079304
805 1.449320 1.521882 1.029317 124.510237 149.504107 4.493205
806 1.426809 1.531579 0.944911 131.809668 86.589976 9.485276
807 1.399044 1.657098 0.987414 103.179429 144.313668 154.038569
808 1.474196 1.628061 1.009420 91.730779 101.737159 38.794124
809 1.422065 1.628622 0.990421 129.933474 100.911815 32.695927
810 1.542096 1.639430 1.244414 107.038491 115.070258 29.819497
811 1.473325 1.558043 0.979236 106.910405 129.684534 165.917137
812 1.534429 1.664029 1.040498 111.549648 114.468649 161.426357
813 1.407627 1.642566 0.954913 110.746579 112.796417 103.939800
814 1.441195 1.650894 1.044790 108.258727 114.798313 157.054242
815 1.532222 1.811434 0.927111 130.727402 87.825572 98.706894
816 1.388776 1.792347 0.839874 108.563499 118.154691 161.339567
817 1.503054 1.602995 1.006647 94.331180 112.115080 5.298376
818 1.579695 1.849475 0.973290 118.443980 112.248796 60.834854
819 1.514936 1.640781 0.890897 127.176000 118.089663 42.538843
820 1.561202 1.628700 0.948857 104.003304 138.943667 174.383512
821 1.523055 1.767743 1.035639 107.309760 121.240513 92.092122
822 1.505224 1.531788 0.954512 110.334529 117.274857 11.617253
823 1.400615 1.640714 0.955118 105.168726 125.487897 158.976730
824 1.429941 1.422047 0.931760 102.835928 115.065863 16.656707
825 1.519918 1.687701 0.985719 101.494419 104.620495 34.175643
826 1.489854 1.578888 0.969859 119.999111 135.988177 8.455179
827 1.425760 1.601108 0.794457 95.376996 119.795725 159.182878
828 1.531441 1.706473 0.944621 116.519333 137.955838 92.485876
829 1.493829 1.663221 1.003461 127.623918 152.911922 133.800095
830 1.386488 1.620787 0.917159 115.524275 97.082480 143.143437
831 1.441304 1.640829 1.129526 120.475946 103.651123 153.659169
832 1.550316 1.756692 0.926159 101.108637 126.186117 29.676873
833 1.491563 1.621554 1.172698 111.257646 124.731080 153.901808
834 1.510082 1.806397 0.997786 119.419510 150.773306 38.658739
835 1.467196 1.691201 1.027304 115.117702 105.440980 9.880247
836 1.498175 1.640866 0.964312 113.908109 89.923773 3.730183
837 1.461736 1.654125 1.033598 106.405838 128.162435 1.362533
838 1.535665 1.576611 0.888652 105.287750 122.930368 122.973042
839 1.402284 1.550552 0.939587 114.565523 99.845818 168.999413
840 1.427467 1.927236 0.956985 120.949710 140.088690 12.525627
841 1.580112 1.820556 0.967803 113.623466 128.600941 81.491557
842 1.466339 1.699669 1.119247 120.287428 139.503021 70.306866
843 1.467911 1.604070 1.079518 109.259387 134.940838 23.749300
844 1.476319 1.451373 0.938851 109.524241 122.382475 5.823283
845 1.458253 1.593161 0.943313 103.928198 98.964938 68.277682
846 1.632479 1.698660 0.981608 113.850149 94.927137 63.243865
847 1.389535 1.638103 1.076558 130.846254 166.460261 164.343376
848 1.386436 1.617599 1.032380 108.786848 91.898928 5.102993
849 1.417226 1.702289 1.003593 105.613798 115.317058 57.538727
850 1.465040 1.618934 0.927728 110.639572 124.193129 149.679591
851 1.549170 1.630713 0.917726 122.551391 113.811159 164.417118
852 1.479316 2.054314 0.927720 121.419026 115.263339 33.519747
853 1.527702 1.561825 0.992862 107.169259 92.747180 98.462969
854 1.442610 1.726144 0.992188 104.214371 145.396514 151.161409
855 1.470879 1.687588 0.931333 106.217603 86.991187 9.854720
856 1.317463 1.550807 1.023751 109.161324 120.482010 124.900950
857 1.573448 1.637800 0.912987 118.638260 109.870655 52.398115
858 1.423710 1.616781 0.925780 111.253433 101.255151 29.291247
859 1.483533 1.662736 0.982757 121.690854 90.724492 157.112504
860 1.472185 1.661747 0.961822 110.308909 137.370710 169.494268
861 1.510969 1.593193 1.258957 121.082806 157.158974 162.719338
862 1.427120 1.652130 1.048108 107.973801 107.613671 133.575281
863 1.396832 1.482841 0.955224 114.802140 106.217962 172.441001
864 1.459808 1.508944 0.966078 101.117880 125.721936 76.430574
865 1.418070 1.629182 1.038011 115.546899 95.260150 143.703543
866 1.446006 1.594252 1.043404 116.729240 148.108057 58.010594
867 1.487351 1.640709 0.997743 108.126302 101.482672 86.095713
868 1.447616 1.744677 1.044303 109.143887 105.342329 52.220297
869 1.406931 1.478275 0.902279 103.472701 119.243499 116.703691
870 1.568134 1.615719 0.862437 117.100133 116.112059 2.313547
871 1.411040 1.606984 0.989934 106.867383 97.488078 125.480656
872 1.544733 1.670756 0.860477 143.233829 104.012449 98.794151
873 1.517901 1.623600 0.900127 112.405441 109.235368 65.716903
874 1.469855 1.569561 0.949392 120.478995 90.186587 167.000383
875 1.453946 1.674353 0.965498 131.031678 97.944515 168.842532
876 1.510012 1.837778 1.024744 107.135594 166.660411 66.796962
877 1.471418 1.722773 0.946329 116.804311 125.937312 159.805436
878 1.480748 1.542548 1.050731 113.295194 150.184363 78.638762
879 1.502073 1.630891 0.889592 109.281986 131.802299 20.902872
880 1.473257 1.601127 1.197563 100.726066 134.033599 149.536443
881 1.421103 1.782991 1.031831 107.303038 112.181036 45.159355
882 1.478104 1.614866 0.945099 97.868238 110.758779 171.105419
883 1.440565 1.514969 1.028784 110.940120 107.552478 128.151390
884 1.543493 1.534221 0.957953 114.320452 111.583191 44.960954
885 1.371779 1.568923 0.903764 99.778756 101.537069 169.362003
886 1.420065 1.682757 0.946004 122.190298 127.040431 49.751606
887 1.519729 1.702143 0.904814 125.015641 108.230717 165.635756
888 1.396629 1.557888 0.970010 101.831962 113.550788 15.328499
889 1.389398 1.400727 0.935080 112.840204 108.237899 174.126522
890 1.507201 1.715726 0.966496 114.241083 121.700565 163.425897
891 1.411791 1.474661 0.966940 108.823116 113.492102 92.349859
892 1.452794 1.669099 1.055326 108.076598 124.276025 99.141390
893 1.453892 1.599752 0.959436 133.481529 121.384196 70.868325
894 1.494841 1.753070 0.942306 104.196790 112.160226 3.176397
895 1.477229 1.681543 1.024696 108.596673 96.310098 13.185977
896 1.438522 1.709865 0.967212 103.390925 132.290184 22.046753
897 1.468054 1.792939 0.909503 109.636869 109.130978 81.883438
898 1.541361 1.781517 1.043497 98.678609 97.298462 5.173094
899 1.456678 1.752134 0.995198 100.703081 125.125206 174.746443
900 1.469183 1.535414 0.915746 121.036656 92.914448 99.746327
901 1.378636 1.616617 0.882208 102.094843 100.563553 160.119868
902 1.409518 1.701473 0.824593 121.216724 126.662918 39.996508
903 1.527003 1.587268 0.956813 112.217698 161.199853 54.908990
904 1.499834 1.522040 0.855174 116.798332 113.510507 107.331724
905 1.444077 1.547296 1.018764 124.540214 135.804322 102.784924
906 1.529112 1.505828 0.941637 110.617349 114.725907 140.483849
907 1.444178 1.630380 0.929918 112.709106 111.787437 175.466986
908 1.484762 1.655829 1.043702 118.898931 112.424983 64.292843
909 1.547852 1.577422 0.870545 129.533151 86.397192 101.746157
910 1.510316 1.660767 1.072336 103.320705 144.156864 17.517929
911 1.581931 1.621882 1.047482 126.829229 103.542301 74.362371
912 1.502089 1.568969 0.953191 120.593863 102.811383 8.063646
913 1.458844 1.503931 0.920851 112.158102 118.821439 158.805857
914 1.510581 1.469989 0.910757 111.357105 138.775560 96.357563
915 1.439521 1.751998 1.112668 116.503774 99.914228 7.290875
916 1.499803 1.537693 1.082161 122.691228 101.956862 6.708902
917 1.609072 1.532035 1.110295 107.989867 92.287167 4.452636
918 1.502328 1.573455 0.874795 117.245725 115.389399 160.848049
919 1.430393 1.810710 0.958679 101.502782 103.475343 169.611972
920 1.481721 1.650571 1.101038 111.293398 90.257594 94.949047
921 1.502642 1.623269 0.994024 101.986141 97.438815 106.792856
922 1.486059 1.767487 0.956269 120.524084 123.153836 161.393668
923 1.478069 1.867658 1.110490 110.824630 103.090549 32.543838
924 1.504892 1.479234 0.949329 105.456680 126.156946 140.315828
925 1.438295 1.581002 1.042003 113.724856 106.442907 44.483866
926 1.431897 1.594313 0.882179 111.997325 90.853052 126.663415
927 1.425224 1.850011 0.905399 113.023003 132.777194 49.792801
928 1.558124 1.579238 1.017407 103.399626 100.248691 128.606603
929 1.584669 1.674097 1.042802 98.179432 178.913420 39.521048
930 1.506822 1.509441 0.943460 117.746622 140.693336 39.761809
931 1.438117 1.524191 0.997402 117.781193 131.252340 167.641449
932 1.514426 1.551269 1.118270 113.483279 118.343406 145.031594
933 1.637270 1.459135 0.915407 111.002277 141.827119 23.360515
934 1.444947 1.720205 1.005878 135.769516 113.972849 122.226735
935 1.351442 1.535775 1.004579 128.751365 119.433155 18.138248
936 1.508682 1.632246 0.989978 98.629658 177.440781 15.766380
937 1.489236 1.482438 1.089668 105.953139 139.815419 1.307041
938 1.417652 1.702639 0.982775 111.341003 104.797898 21.653827
939 1.406748 1.570998 0.979069 128.267368 130.798014 99.844778
940 1.495776 1.546880 1.033196 102.214035 156.111679 60.903941
941 1.498352 1.721327 0.975699 121.032237 132.429217 130.588664
942 1.498744 1.575416 1.087153 102.708590 115.857502 7.545351
943 1.384210 1.713721 0.956643 99.654651 113.507223 154.465535
944 1.462768 1.565699 0.965263 109.525749 176.992413 1.150731
945 1.438042 1.633027 1.028696 120.099518 92.406061 16.591756
946 1.563950 1.673981 1.071012 123.836211 122.741298 157.469867
947 1.438794 1.517184 1.061587 99.519397 102.685493 171.151958
948 1.449630 1.473550 1.073192 105.442984 134.038789 164.674198
949 1.484759 1.550930 0.894210 88.482385 143.981089 178.296173
950 1.595707 1.602208 0.874246 105.326776 102.777612 140.787445
951 1.446361 1.591239 0.978062 98.742121 118.232818 21.232990
952 1.449610 1.758679 0.995660 114.897868 100.586758 8.265570
953 1.537149 1.575793 0.899702 115.264908 113.160604 89.173558
954 1.495051 1.640881 1.030310 120.307035 106.125657 27.788711
955 1.485957 1.642639 1.058270 108.318283 100.090016 167.081671
956 1.541556 1.492578 1.026700 106.552352 122.030251 128.016716
957 1.498857 1.691140 0.882359 108.820830 111.955762 107.213251
958 1.580691 1.569325 0.929808 118.048654 142.269981 43.374869
959 1.434146 1.602388 0.994154 111.900841 116.976502 18.990906
960 1.516822 1.611123 0.933795 103.895426 116.511680 151.685123
961 1.488724 1.496785 1.000844 113.668702 101.865588 47.269287
962 1.482138 1.587874 0.996939 110.839812 130.508244 26.607780
963 1.479931 1.587863 0.953926 110.591106 122.404351 100.845414
964 1.508559 1.541971 1.024643 111.823167 100.897450 133.442030
965 1.438502 1.697215 1.001617 105.730025 172.476964 121.260950
966 1.473749 1.521631 0.892508 105.040762 96.548048 59.949099
967 1.575135 1.747914 0.847592 101.167259 129.863969 153.636467
968 1.452755 1.644941 0.969951 117.218617 134.755982 57.471487
969 1.508823 1.740922 1.080692 106.570724 94.569860 9.809492
970 1.546470 1.604086 0.974130 95.635163 124.654887 16.946382
971 1.469362 1.735912 0.920831 115.668464 96.809051 51.685612
972 1.488970 1.778313 1.116384 113.016386 121.878904 160.683093
973 1.399268 1.716427 0.974653 107.217669 109.445621 35.677181
974 1.512793 1.568848 1.179169 116.015474 153.140810 134.369511
975 1.495438 1.611677 0.998998 101.792716 147.816559 148.913170
976 1.488752 1.588112 0.853988 116.610595 168.107255 30.851957
977 1.392111 1.597781 1.089944 96.956347 129.011636 1.009948
978 1.412369 1.687141 0.985833 122.703670 126.340573 59.986699
979 1.710843 1.712098 0.929539 123.608826 148.358691 142.908373
980 1.514495 1.670616 0.880433 112.518496 123.192545 163.615191
981 1.511817 1.655152 1.009321 111.231618 130.222929 13.822383
982 1.438602 1.587806 1.199147 116.475937 97.579776 22.091689
983 1.406028 1.546801 0.903172 126.475488 152.386241 159.400325
984 1.454834 1.679263 0.968131 117.869785 120.010479 20.026466
985 1.507988 1.703352 1.008296 118.473701 137.961799 161.718008
986 1.499783 1.709403 1.130610 115.164741 113.479885 179.566772
987 1.410544 1.572503 0.926108 126.062785 120.440619 138.267524
988 1.620537 1.805365 1.092909 103.403913 129.886839 159.726333
989 1.375611 1.613060 1.018221 108.884895 111.293081 92.253292
990 1.379383 1.594722 0.971663 120.771465 101.705138 171.653172
991 1.483464 1.445490 1.017544 104.331344 114.438359 41.736633
992 1.431417 1.546972 0.975249 105.596184 103.198423 152.752418
993 1.427995 1.823716 1.068779 131.804937 106.693437 30.217367
994 1.633927 1.588163 1.026714 111.642170 100.974939 173.602376
995 1.433108 1.580768 1.123607 110.314312 104.232648 52.740015
996 1.447725 1.501213 1.001477 126.141934 127.878209 43.043898
997 1.397324 1.675137 1.084043 111.088077 109.649280 122.478231
998 1.412637 1.607070 0.901052 114.447462 110.890042 36.806395
999 1.503265 1.494046 1.067124 97.288370 108.746150 169.035462
1000 1.481153 1.747991 0.962998 113.202393 142.056398 75.704460
1001 1.442413 1.590846 0.907084 112.541425 128.976003 24.895323
1002 1.467329 1.604537 0.890544 98.231641 104.089408 110.466862
1003 1.481168 1.516911 0.960702 97.133137 107.938920 63.113977
1004 1.493219 1.635504 0.946405 126.637317 107.408755 90.108595
1005 1.509813 1.635015 0.956703 116.401468 107.710503 166.614426
1006 1.359096 1.521620 0.931928 111.436100 112.397429 129.154889
1007 1.452583 1.554729 0.958505 103.877289 106.413045 171.101851
1008 1.531183 1.507094 1.087218 99.759668 100.184828 157.353576
1009 1.582031 1.576938 1.094570 152.115637 110.290386 166.784648
1010 1.460907 1.765309 0.875043 106.968534 108.234877 2.883434
1011 1.693635 1.512489 0.954239 123.743232 101.461147 160.518472
1012 1.373431 1.852754 1.009322 117.965839 111.953503 22.344263
1013 1.425048 1.492913 0.967873 127.555459 123.880983 176.459294
1014 1.563815 1.804077 1.020598 89.108843 139.072867 144.422985
1015 1.477073 1.607480 1.050082 133.194330 148.876907 146.822045
1016 1.503278 1.570223 1.063417 107.670828 112.789440 65.755668
1017 1.397801 1.582089 1.048494 106.082132 98.991499 57.347598
1018 1.539125 1.729323 0.906851 129.388222 133.843925 53.732332
1019 1.401621 1.442176 0.956272 99.703495 170.296731 23.808904
1020 1.591754 1.768554 1.057108 110.050261 111.220907 104.235364
1021 1.364237 1.412880 0.864784 106.432072 112.371771 13.405693
1022 1.560536 1.563453 1.068923 127.560181 143.265858 8.591670
1023 1.472058 1.747832 0.870715 111.597034 135.306898 148.948717
1024 1.447505 1.741242 0.983436 101.062441 111.031758 22.808279
1025 1.458140 1.709878 0.921752 136.662496 143.660695 145.520378
1026 1.382322 1.655368 1.013937 114.413200 137.691535 10.200911
1027 1.410356 1.656684 0.949515 117.932894 108.233663 60.507976
1028 1.526028 1.672817 1.046623 111.115824 95.066933 164.020944
1029 1.468423 1.848553 0.965341 108.251347 128.855576 24.972682
1030 1.607711 1.715715 0.975707 125.127451 121.094103 162.783494
1031 1.484443 1.707375 1.001474 114.350213 159.401881 102.284976
1032 1.445981 1.679188 0.927548 108.757676 111.466763 12.002249
1033 1.561614 1.802818 0.979325 112.601484 115.235919 132.376618
1034 1.415880 1.684546 1.034731 113.314614 133.640144 136.614308
1035 1.409741 1.755334 0.921669 107.454709 110.048717 116.975275
1036 1.492808 1.536400 0.893496 115.041552 108.643991 29.875444
1037 1.482875 1.596772 0.905284 123.329923 133.561640 40.826908
1038 1.528069 1.670495 1.024749 110.617781 94.982929 119.573374
1039 1.573664 1.551961 1.011214 129.166345 71.997505 157.288370
1040 1.523816 1.524380 1.010768 102.169815 118.679474 5.348171
1041 1.452773 1.602972 1.062059 108.774714 122.167624 168.460004
1042 1.468097 1.890051 1.052792 105.816176 79.199377 33.227135
1043 1.369751 1.550572 0.967875 104.663401 86.936898 110.710328
1044 1.450155 1.580649 0.919599 109.752257 121.606838 168.634997
1045 1.625509 1.699472 0.942848 106.697421 138.698826 149.890367
1046 1.447686 1.590596 0.955276 113.128454 120.808614 43.656909
1047 1.435088 1.607136 0.925234 127.094257 110.273539 141.789437
1048 1.674947 1.695106 1.151354 102.258072 123.420597 66.466000
1049 1.373663 1.745303 0.836553 112.062310 161.369408 145.593409
1050 1.628165 1.546494 0.952480 111.518567 120.769593 11.906897
1051 1.457918 1.716526 1.134205 107.695690 112.115570 132.599336
1052 1.408024 1.641610 1.086771 113.108625 117.430556 124.633346
1053 1.428769 1.573956 1.005817 122.337455 174.188476 19.213196
1054 1.543749 1.680550 0.987183 116.988372 124.577164 19.235265
1055 1.523911 1.635616 0.909470 106.912827 109.950176 61.480217
1056 1.559690 1.493129 1.088479 116.905574 127.160817 43.609344
1057 1.425949 1.543962 0.882747 106.782997 135.578098 7.852493
1058 1.513258 1.791440 1.063747 114.137036 157.232396 53.030908
1059 1.507317 1.728377 0.977554 126.405121 163.891735 50.255738
1060 1.411941 1.575220 0.935168 94.018846 112.346716 154.289310
1061 1.438879 1.835951 0.959071 131.077260 124.363831 103.742277
1062 1.495355 1.696325 0.914412 117.182460 137.533952 26.024514
1063 1.473956 1.585446 0.957225 114.107269 123.636088 151.061408
1064 1.501335 1.705129 1.041961 111.050407 113.239637 170.861736
1065 1.410272 1.554254 1.014120 131.278992 151.563731 83.058192
1066 1.557966 1.448423 1.099291 113.782967 106.180761 139.603507
1067 1.473139 1.484503 1.094647 123.810266 107.187445 4.447240
1068 1.554166 1.738010 0.975569 110.281619 116.359678 28.471464
1069 1.413945 1.554517 0.916228 116.159321 118.531136 148.260497
1070 1.602331 1.550873 0.938474 111.562069 102.800582 71.648204
1071 1.519075 1.495691 0.989188 102.539955 103.649392 48.300798
1072 1.457443 1.736990 1.009908 112.085319 89.587074 75.859401
1073 1.640094 1.611737 1.083054 127.804832 130.831120 12.362231
1074 1.393463 1.591144 0.962593 115.771957 150.957801 3.194686
1075 1.409140 1.744248 0.932843 102.206401 99.551667 173.621679
1076 1.446447 1.501361 1.016124 117.124066 110.818219 28.320093
1077 1.648752 1.617651 0.967049 108.999246 131.449834 11.617165
1078 1.575931 1.539371 1.047595 125.898290 177.623440 122.331450
1079 1.561687 1.699385 0.891782 97.533583 91.895070 179.293685
1080 1.392470 1.617987 0.902839 120.938987 120.511265 50.130489
1081 1.528071 1.870420 0.893702 100.385901 122.276936 167.341707
1082 1.432138 1.533967 1.006524 109.711558 124.197853 146.193664
1083 1.574539 1.681545 1.001450 107.814085 124.854415 30.693720
1084 1.451737 1.580380 0.990431 109.894649 127.088557 155.780323
1085 1.515509 1.695776 0.943686 111.116992 103.337632 41.832523
1086 1.569468 1.413075 0.928958 127.436030 113.785079 163.690487
1087 1.468731 1.784335 0.932702 97.116008 106.445505 99.975583
1088 1.499745 1.611327 1.045212 119.473620 107.527840 157.102036
1089 1.507615 1.544027 0.999724 112.687197 92.584402 56.230676
1090 1.565254 1.587387 0.918242 108.925110 123.091638 71.607201
1091 1.499302 1.661972 0.966666 121.671477 177.885326 143.382287
1092 1.542538 1.423130 0.991882 110.015959 108.373280 39.571994
1093 1.551282 1.628815 0.904064 110.463113 149.506468 103.579838
1094 1.618819 1.676610 0.879782 116.331121 138.582696 34.946717
1095 1.442412 1.655298 0.971237 109.000125 136.660104 68.126942
1096 1.433732 1.603346 1.016275 109.320398 104.366802 172.589924
1097 1.595452 1.649535 0.977808 104.804368 117.452685 99.696911
1098 1.526082 1.673593 1.016412 116.618411 119.857317 177.609370
1099 1.469189 1.524180 1.025168 105.355712 91.396372 32.518448
1100 1.511384 1.501308 0.922862 128.157527 127.143186 28.574130
1101 1.439159 1.770277 0.934520 103.665781 128.937521 51.485063
1102 1.462126 1.549256 1.028230 110.589449 102.839275 166.575407
1103 1.580458 1.575533 1.042008 111.593324 115.395085 23.898915
1104 1.527226 1.594371 1.015986 99.937960 146.345927 10.632204
1105 1.370603 1.659404 0.942723 106.454283 87.769937 50.026459
1106 1.497150 1.515181 1.049785 102.432506 138.378154 76.722391
1107 1.461173 1.524818 1.074296 117.563785 118.576078 2.031327
1108 1.524299 1.546164 1.059465 124.975272 108.097853 44.703495
1109 1.531164 1.629877 0.917801 116.734578 122.417626 53.343486
1110 1.453995 1.534130 0.980037 120.515575 116.996867 171.224791
1111 1.400291 1.516693 0.944153 116.434122 115.588725 171.534679
1112 1.413333 1.656720 0.920009 110.493083 98.734235 75.281675
1113 1.416918 1.592235 0.939816 99.624615 141.313424 118.412005
1114 1.386924 1.708935 1.105720 108.152743 119.477804 126.682371
1115 1.528676 1.881016 0.908653 110.073281 152.397692 177.801664
1116 1.428746 1.704327 0.963961 110.291774 131.739272 41.349859
1117 1.516766 1.459653 0.952284 115.890655 131.230651 54.344012
1118 1.459057 1.662224 0.946113 106.735973 112.531842 151.886813
1119 1.417718 1.612504 0.998843 112.790394 111.583633 28.375662
1120 1.510143 1.510204 0.859927 101.425815 145.391850 169.123787
1121 1.481382 1.668263 0.948523 128.635589 116.182978 66.173196
1122 1.514784 1.612683 1.122530 113.469804 117.072573 18.479827
1123 1.439604 1.729997 0.925039 101.883640 142.771617 12.122081
1124 1.428286 1.561513 0.935349 120.746149 104.404501 177.318295
1125 1.400237 1.647498 0.880791 121.599598 86.137307 22.944195
1126 1.500324 1.748800 0.886020 111.164111 116.410154 169.408461
1127 1.430476 1.632307 1.039361 104.633396 115.142178 85.151090
1128 1.492750 1.633238 0.982970 103.821295 128.984979 6.132437
1129 1.379603 1.493524 0.936501 115.305172 83.306566 151.606563
1130 1.547278 1.578622 0.878671 108.367829 89.591686 88.894644
1131 1.538956 1.626249 0.915451 114.164336 110.893590 28.214222
1132 1.516090 1.759616 0.972922 115.269565 126.723006 36.903192
1133 1.465780 1.734887 0.929465 115.761439 142.110156 18.051961
1134 1.404774 1.600264 0.977462 115.939148 102.062194 5.635823
1135 1.367744 1.745236 1.021868 110.145461 117.730627 123.257299
1136 1.464305 1.890842 0.909279 107.924002 101.758387 75.068791
1137 1.410224 1.574561 0.932407 94.971754 112.450805 160.782671
1138 1.411693 1.673406 1.056211 98.610394 124.987346 174.594737
1139 1.499316 1.619136 0.897872 102.934253 137.435229 8.736654
1140 1.471284 1.674307 0.932908 112.590343 158.993113 17.790389
1141 1.335724 1.692171 1.151986 110.737700 101.298912 68.052884
1142 1.552790 1.594971 0.886020 103.897763 117.666020 106.890122
1143 1.606413 1.754038 0.909991 121.165546 116.564630 25.537307
1144 1.578546 1.520259 1.070633 117.713852 116.605479 13.370996
1145 1.492801 1.974838 0.973617 107.832848 148.476524 10.262564
1146 1.741906 1.793584 0.982520 124.037508 147.427979 87.507935
1147 1.387312 1.662674 1.054123 106.337169 145.544090 133.369664
1148 1.521277 1.747235 0.972853 84.930792 149.185099 127.682619
1149 1.495105 1.656234 0.961109 115.295564 118.488047 80.812561
1150 1.586385 1.648906 1.083166 125.563747 123.389213 53.618667
1151 1.515230 1.591065 0.891843 118.239165 128.796782 14.642745
1152 1.379911 1.834106 1.086313 128.508138 126.312949 23.561222
1153 1.457517 1.772706 0.895934 104.874574 100.580518 56.536031
1154 1.517982 1.718631 0.950487 104.179851 101.181962 67.542850
1155 1.546602 1.567347 0.915763 114.564689 78.270067 158.049084
1156 1.506440 1.535734 1.025436 113.896347 79.168854 11.472031
1157 1.446651 1.762000 1.044105 116.063319 122.915201 21.506795
1158 1.432939 1.543433 1.243449 97.314711 171.883630 135.981426
1159 1.337996 1.695536 1.060907 112.429316 133.702001 165.454796
1160 1.526138 1.741223 0.999287 121.073276 104.055358 166.962952
1161 1.593510 1.641558 0.914534 114.591920 115.397048 146.410804
1162 1.546547 1.566053 0.998107 107.812262 126.296242 68.559278
1163 1.547436 1.608716 1.018562 118.646905 99.432951 119.094598
1164 1.455076 1.547566 0.985606 107.808267 117.955778 6.524332
1165 1.424814 1.612268 0.914201 116.629447 175.226183 12.238479
1166 1.377562 1.603613 1.053509 105.924660 140.252288 0.773714
1167 1.508272 1.651815 1.218204 107.571204 139.719475 13.993444
1168 1.458576 1.756475 0.943964 128.995090 129.089291 53.572611
1169 1.559149 1.890090 1.001402 108.106636 106.492588 7.041249
1170 1.481032 1.588225 0.901369 104.653553 102.633488 115.995847
1171 1.527499 1.750295 0.830574 108.716161 126.823581 172.965527
1172 1.430349 1.626118 0.900470 97.237018 123.428370 5.916112
1173 1.511364 1.587689 0.924489 107.178932 149.393089 67.645962
1174 1.447055 1.743432 1.005965 112.703313 99.240932 91.216656
1175 1.455210 1.772115 1.031378 103.794051 101.946973 152.570709
1176 1.403517 1.519527 0.971063 138.213433 103.692321 19.438773
1177 1.444424 1.613469 0.886269 114.398275 144.990701 31.570854
1178 1.490654 1.586276 0.933250 102.323703 130.479360 159.121698
1179 1.539643 1.723082 1.000235 113.922665 108.287599 168.870213
1180 1.433450 1.800651 1.034332 131.325063 90.135032 17.667276
1181 1.436393 1.569408 0.938511 114.095361 98.861855 159.250448
1182 1.513452 1.419936 1.026595 115.401469 99.235770 36.159769
1183 1.499995 1.640719 0.916913 114.929717 128.874394 10.873065
1184 1.475577 1.603787 0.922297 99.392756 93.451154 83.997516
1185 1.665177 1.532353 0.905010 124.156808 122.087765 19.867100
1186 1.366444 1.434046 1.006761 118.032250 109.290689 132.242233
1187 1.479107 1.676570 0.982354 112.179253 87.568236 123.486440
1188 1.621396 1.551976 0.828782 113.677586 100.290254 35.127849
1189 1.594269 1.640442 1.229462 114.853371 105.793155 0.349429
1190 1.541254 1.641071 1.029972 120.948691 104.248786 177.770769
1191 1.588163 1.687521 0.800177 113.739096 107.037019 54.268309
1192 1.535776 1.636269 0.917770 107.539989 163.369636 76.037798
1193 1.423074 1.758792 0.949228 108.870199 119.744008 110.821725
1194 1.534018 1.759349 0.990885 127.210696 98.384893 155.463662
1195 1.505944 1.573176 0.933103 114.997098 129.039770 62.395486
1196 1.501218 1.531982 1.142479 108.991757 130.271072 15.286049
1197 1.461727 1.790477 1.026968 105.395410 161.058123 0.460782
1198 1.389230 1.850790 1.211111 111.980814 157.975277 10.651257
1199 1.457458 1.618106 0.997926 116.995809 115.497985 62.393154
1200 1.466868 1.537114 0.982815 108.874680 116.655006 9.092223
1201 1.500858 1.535286 0.986601 100.340295 105.493475 132.733068
1202 1.467410 1.764001 0.958053 117.597814 117.068262 8.542543
1203 1.541611 1.587366 1.029356 118.687306 131.511432 61.225082
1204 1.495376 1.620042 0.995389 113.334323 134.967628 33.806069
1205 1.475978 1.666329 0.973314 105.931765 105.559965 105.201732
1206 1.419692 1.596409 0.962274 134.904230 103.207386 41.920998
1207 1.564347 1.556899 0.944302 127.383145 97.655401 1.261197
1208 1.505550 1.592963 0.834166 118.208251 127.083372 71.359584
1209 1.499963 1.518334 0.938762 126.118184 101.988718 20.586060
1210 1.556639 1.541132 0.967912 112.223682 102.127012 179.755486
1211 1.464599 1.720806 0.987785 107.904784 117.520977 9.270607
1212 1.461589 1.690376 1.037869 122.890188 109.082553 10.705506
1213 1.460544 1.636476 0.953761 104.399028 110.453430 6.226407
1214 1.438580 1.773279 1.037856 110.242423 144.577303 36.296853
1215 1.480454 1.419020 1.191396 115.730529 120.240206 87.825868
1216 1.530995 1.766393 1.017209 112.366272 131.787438 34.486772
1217 1.583209 1.528931 0.935976 108.810248 97.032969 122.522289
1218 1.529158 1.650203 0.900787 120.002078 177.306954 154.062901
1219 1.441441 1.662795 0.910428 114.025769 135.419550 176.309020
1220 1.552606 1.642630 1.030020 113.307056 103.599746 75.793315
1221 1.448250 1.564871 1.027515 113.195090 99.908276 173.323897
1222 1.485236 1.632388 0.964058 125.859245 133.323089 13.245518
1223 1.562719 1.727575 1.063345 108.647106 100.239142 165.665624
1224 1.449945 1.581313 1.106648 101.115902 112.675639 62.809963
1225 1.443595 1.575566 0.919163 102.410791 134.687857 176.666693
1226 1.413261 1.514547 1.040199 114.422724 120.501978 176.782973
1227 1.457339 1.732330 0.934267 118.260629 127.073378 169.984131
1228 1.445668 1.960621 0.878451 117.441870 101.329155 63.029058
1229 1.439744 1.700834 0.937634 121.275611 95.352293 175.459206
1230 1.513345 1.495815 0.931290 111.804037 119.375354 83.883860
1231 1.461115 1.690286 0.984730 125.380818 169.009763 10.295084
1232 1.377901 1.462571 1.053016 118.270381 112.888218 70.881068
1233 1.493511 1.547600 0.972715 124.286988 178.490297 87.914154
1234 1.537621 1.546918 0.990263 114.214332 144.076236 160.955565
1235 1.360077 1.540001 0.910321 117.832403 134.066278 139.724366
1236 1.481176 1.587661 0.952470 93.715664 94.324084 86.670381
1237 1.552335 1.647238 1.138368 124.634413 105.475551 123.411232
1238 1.498531 1.822874 0.992826 116.493265 85.976609 133.021631
1239 1.449185 1.488327 0.988412 115.398571 107.512584 125.165197
1240 1.553295 1.897270 1.008470 112.091103 93.354011 169.114445
1241 1.570712 1.509453 1.021817 112.921952 125.999757 149.356675
1242 1.471108 1.461563 0.948519 106.165760 111.862328 121.647750
1243 1.392578 1.590284 0.904903 105.248932 137.484931 71.996258
1244 1.402673 1.768544 1.071917 118.428640 95.307061 125.401357
1245 1.525358 1.693852 0.968644 118.198593 102.653679 103.020878
1246 1.739077 1.462680 1.025897 111.541887 88.872822 173.558103
1247 1.551813 1.556858 0.992837 98.842583 118.268114 34.967075
1248 1.505536 1.530131 0.935971 99.432584 114.660313 1.478200
1249 1.541172 1.681367 0.966702 106.723301 109.930936 162.556125
1250 1.416895 1.547588 1.018544 114.856109 119.860177 40.375821
1251 1.421246 1.716376 0.949522 123.829186 134.926726 36.201518
1252 1.429759 1.722247 1.079798 110.329793 146.418948 125.420039
1253 1.543525 1.679791 0.899042 109.532716 114.057351 27.352805
1254 1.404131 1.708942 0.982775 103.338477 107.249641 147.185245
1255 1.482058 1.968663 0.878538 104.328865 149.886191 51.524245
1256 1.466940 1.582989 0.933414 106.135733 96.087445 166.123775
1257 1.586865 1.824789 1.004339 117.041174 128.839691 162.032467
1258 1.393219 1.502145 1.032326 114.593031 108.005449 12.910861
1259 1.466675 1.596842 0.895724 107.700668 110.740005 138.575083
1260 1.437673 1.554050 0.985107 136.955062 114.060566 14.667825
1261 1.406882 1.608350 1.063536 113.366541 126.724339 80.692689
1262 1.469188 1.515999 1.049787 103.835781 122.326216 12.445963
1263 1.522768 1.619818 0.901223 100.227298 110.320918 37.361296
1264 1.479483 1.574191 0.997073 111.033028 108.198698 71.239552
1265 1.485434 1.616402 0.887644 116.437788 126.940011 1.502661
1266 1.414983 1.646900 0.992687 109.005081 157.846481 117.095716
1267 1.461931 1.641053 1.053257 113.865101 115.333434 150.918368
1268 1.572738 1.769204 0.982211 135.697327 89.646108 128.642640
1269 1.408977 1.648077 0.945745 100.251932 107.807426 30.546266
1270 1.401723 1.706949 0.852239 119.324286 107.626530 69.268968
1271 1.478460 1.580547 1.042915 116.950887 161.206338 166.914446
1272 1.508172 1.546555 0.905177 132.286806 132.580023 47.850974
1273 1.493605 1.587600 0.997375 107.705584 111.279661 113.517659
1274 1.451947 1.716720 1.143148 99.563193 100.281813 39.151602
1275 1.431451 1.828388 1.051211 110.354133 136.738667 47.786067
1276 1.339941 1.590095 0.945853 109.102509 99.266268 124.130706
1277 1.480457 1.720304 0.931387 104.528086 118.785420 143.462967
1278 1.495981 1.675632 0.967313 111.657087 125.594501 32.498790
1279 1.526303 1.724412 0.935407 99.142917 142.346799 22.495330
1280 1.619504 1.475037 1.102728 109.877783 106.154162 168.609973
1281 1.448494 1.641493 0.881039 110.092943 129.883149 23.195574
1282 1.543509 1.518740 1.042913 116.579511 148.476176 103.054905
1283 1.427338 1.550936 0.995217 118.957755 114.366183 1.216800
1284 1.432053 1.507019 0.857056 117.355208 131.050546 167.485448
1285 1.395448 1.660471 1.055784 98.503347 153.172429 178.620284
1286 1.456569 1.492574 0.864118 116.538290 114.071709 127.033511
1287 1.451766 1.653511 0.938128 115.956533 122.108130 158.152537
1288 1.427637 1.615624 0.868910 108.183566 93.230865 100.810068
1289 1.437852 1.544968 1.013644 106.051002 104.025421 10.760626
1290 1.436777 1.512407 0.861657 115.305309 154.686003 86.507667
1291 1.471308 1.650402 0.980384 121.003687 136.323130 151.122121
1292 1.382214 1.618240 0.943579 102.024220 135.109960 15.826002
1293 1.508414 1.609233 0.997142 109.932058 106.968376 38.343372
1294 1.482034 1.544807 0.928476 106.183752 102.164164 24.464679
1295 1.331597 1.729133 1.088033 121.182728 111.377906 161.423946
1296 1.415255 1.521959 0.937082 98.225618 123.222764 160.762791
1297 1.496527 1.663008 0.953161 118.592755 134.624234 163.209539
1298 1.433098 1.641327 1.014185 123.934363 107.766197 99.612200
1299 1.470649 1.628312 0.958140 114.855812 101.176531 5.835166
1300 1.473306 1.516984 0.969869 105.511197 92.801927 35.027830
1301 1.484326 1.628292 1.037247 111.546799 111.395975 108.094478
1302 1.448606 1.577416 0.978813 124.938599 133.221768 159.003287
1303 1.359927 1.518557 1.051197 118.130294 111.212162 37.647641
1304 1.412843 1.580923 0.845494 109.893936 85.315987 150.227805
1305 1.428087 1.724656 0.962746 91.313672 103.112551 174.973888
1306 1.484826 1.484661 1.116370 121.096491 128.651626 69.418740
1307 1.436726 1.594113 0.921407 120.000749 128.227897 63.056569
1308 1.460353 1.738944 0.984452 132.620765 126.127737 29.048828
1309 1.565886 1.621257 1.006374 92.924011 126.347615 5.397783
1310 1.486268 1.530518 0.924496 117.010796 124.330572 92.094804
1311 1.521453 1.635360 1.106006 103.528212 120.185243 68.785483
1312 1.491527 1.885597 1.072130 108.506106 118.006503 19.789277
1313 1.568015 1.426996 0.933753 120.885137 143.056073 116.677869
1314 1.464437 1.515420 0.892508 134.274450 109.962919 15.238501
1315 1.369882 1.611217 1.012314 93.946040 98.058630 17.282408
1316 1.392392 1.442087 0.912575 111.055588 99.854834 52.317025
1317 1.559918 1.592524 1.097641 101.086377 140.131378 70.704112
1318 1.547460 1.508188 0.865836 118.688147 96.247387 58.335944
1319 1.454193 1.643267 0.998747 111.772527 122.025888 141.875331
1320 1.600034 1.515628 0.953714 122.002450 106.675293 12.501718
1321 1.485302 1.536150 1.074832 121.763856 102.704626 121.937658
1322 1.529386 1.586120 0.927823 122.091345 140.057155 31.594506
1323 1.450328 1.769942 1.050916 125.353059 128.399642 164.358424
1324 1.535925 1.548021 1.045525 111.508110 131.006166 34.476039
1325 1.411390 1.784612 0.969683 101.675270 137.766247 30.787561
1326 1.471777 1.607293 0.998301 106.733119 133.523455 19.175086
1327 1.395854 1.670190 1.069744 114.189233 151.953591 178.681805
1328 1.561265 1.440402 0.983110 121.208632 98.815193 51.028008
1329 1.370938 1.819386 0.989956 107.536329 147.806881 164.098687
1330 1.398365 1.497480 1.047136 96.334286 122.870573 7.709413
1331 1.521812 1.689079 0.903019 119.852971 119.529404 153.146181
1332 1.586481 1.671480 1.026803 117.002146 131.699198 37.285346
1333 1.454491 1.718540 0.830254 92.321001 105.556649 33.902924
1334 1.398748 1.846755 0.992696 129.646150 146.048337 88.544458
1335 1.408988 1.573255 0.966723 112.537100 125.794380 115.819526
1336 1.382602 1.624237 1.161924 118.948775 134.750821 41.366613
1337 1.429951 1.901811 0.926501 118.048875 118.574995 160.518154
1338 1.481072 1.742304 1.077255 110.074846 109.259681 159.932277
1339 1.594151 1.672320 1.019787 114.916402 126.656235 80.110290
1340 1.564063 1.515229 1.093814 103.961801 97.034851 75.546676
1341 1.489748 1.691491 0.928549 123.142244 134.119374 159.248859
1342 1.469520 1.808053 0.830421 115.411910 97.709889 155.302877
1343 1.470845 1.491439 0.932798 110.699140 120.807535 44.621447
1344 1.401635 1.684757 1.059383 106.654799 101.911076 119.577810
1345 1.470013 1.698396 1.033265 129.677343 98.956966 98.139844
1346 1.460833 1.737820 1.101702 120.355930 110.545645 166.915056
1347 1.371032 1.549688 0.991462 107.182836 124.289551 45.730446
1348 1.534632 1.491182 0.893850 108.090880 150.938680 121.588607
1349 1.490393 1.498432 0.988415 102.329251 108.347793 153.880079
1350 1.483862 1.714474 0.864856 96.126542 104.460303 6.882312
1351 1.573580 1.762857 1.008883 122.757164 140.791226 88.877587
1352 1.383215 1.587145 0.994092 111.881269 132.244431 161.496259
1353 1.391287 1.573372 0.882127 115.579955 138.801873 21.385846
1354 1.522501 1.628473 1.091613 106.504389 164.352852 37.113732
1355 1.392118 1.927593 0.995572 96.571847 159.926055 167.673738
1356 1.562312 1.648314 0.953762 106.489287 109.448734 16.984327
1357 1.489414 1.837408 1.017892 104.065067 80.561232 128.664776
1358 1.459524 1.606384 1.005522 98.960266 117.511108 20.552532
1359 1.470652 1.697983 0.943443 115.802810 118.968297 111.781247
1360 1.538595 1.482061 0.910501 124.925193 98.169205 20.923179
1361 1.397424 1.605568 1.171506 109.065456 122.118158 152.842728
1362 1.518064 1.621904 0.967061 131.871565 175.383594 159.118352
1363 1.434691 1.581881 1.011095 111.367142 87.028855 1.059512
1364 1.438718 1.606123 0.935692 117.450774 110.576709 23.744245
1365 1.494644 1.474407 0.959510 122.715048 126.790802 37.550245
1366 1.394073 1.543437 1.103587 111.996162 83.113490 90.335111
1367 1.399318 1.697775 0.872609 115.556152 106.881066 15.430967
1368 1.462195 1.641533 0.935676 102.888484 125.059114 33.334909
1369 1.515149 1.860610 0.981469 121.174526 161.497865 158.216978
1370 1.471081 1.606391 0.984351 120.135715 123.831650 7.860151
1371 1.487181 1.696096 0.992276 122.212367 115.430387 4.354720
1372 1.480180 1.683448 1.011484 112.162178 118.568392 17.157088
1373 1.434013 1.589131 1.008750 131.587168 106.443332 19.261030
1374 1.502894 1.635616 1.113713 120.432110 118.219027 18.141423
1375 1.494735 1.711535 0.909021 104.561317 145.689730 27.575191
1376 1.468982 1.529214 1.045286 127.564720 108.391806 154.825797
1377 1.396480 1.469737 1.047539 114.875432 89.131456 5.223553
1378 1.601011 1.534540 1.058757 112.266811 141.226357 48.207847
1379 1.424320 1.761078 1.017283 97.978729 143.522218 80.244295
1380 1.482330 1.791826 0.993681 116.732332 121.338860 12.619825
1381 1.449024 1.464732 0.957808 114.845833 172.383992 111.940022
1382 1.427858 1.844121 0.910468 121.914521 111.441108 45.513768
1383 1.483046 1.572529 0.961998 126.265696 115.996570 165.750855
1384 1.480444 1.579956 1.018647 101.602282 87.181767 94.447208
1385 1.536091 1.637724 0.987750 121.307845 102.630062 15.927462
1386 1.504557 1.522400 1.114741 144.608992 103.400759 71.029628
1387 1.447298 1.714356 0.928013 94.012204 99.803844 90.984496
1388 1.526528 1.555336 1.035285 108.377196 111.267015 108.696155
1389 1.535137 1.606728 1.020098 109.276765 125.485548 16.829695
1390 1.473280 1.548296 0.970598 120.207270 140.161512 6.137071
1391 1.439391 1.741909 0.971145 124.243073 166.903099 38.228465
1392 1.389123 1.607828 1.031255 104.761012 100.186914 87.939774
1393 1.461098 1.592024 1.096209 99.191505 99.837885 28.480557
1394 1.586429 1.623933 0.936531 118.843591 130.657913 55.876385
1395 1.372039 1.486525 0.932187 102.085969 122.036900 108.780417
1396 1.499887 1.676327 0.978922 114.232298 115.879831 164.080626
1397 1.406792 1.602600 1.069899 112.332086 116.581030 21.016637
1398 1.452541 1.568277 1.006762 117.355759 158.196528 144.872688
1399 1.553515 1.686492 0.901535 97.753697 130.125742 54.455648
1400 1.559920 1.666439 1.015597 118.949671 143.665548 110.805253
1401 1.367012 1.714593 0.956682 112.353320 95.483409 20.241972
1402 1.506656 1.579136 0.975050 118.710229 112.764863 11.011038
1403 1.469209 1.794890 1.038546 133.064484 126.446441 95.114901
1404 1.474720 1.568516 0.909935 97.046431 141.061051 129.061989
1405 1.375549 1.537123 1.101782 124.247200 120.681338 26.436772
1406 1.488076 1.611529 1.054419 115.427677 113.647704 69.980931
1407 1.504301 1.613438 0.959482 125.529709 106.636053 109.821411
1408 1.488521 1.687428 0.884163 103.024750 120.556782 2.374206
1409 1.472588 1.583365 0.967232 119.641382 89.739550 19.808729
1410 1.415086 1.744360 1.001988 114.282449 127.369125 29.048727
1411 1.457843 1.748411 1.074909 126.990857 134.350417 150.099599
1412 1.413807 1.731816 0.989969 113.189140 150.942329 128.119484
1413 1.536813 1.811696 1.010424 102.442693 136.691536 155.268963
1414 1.453772 1.695191 0.964629 103.351943 94.076713 46.816851
1415 1.492383 1.644514 1.011086 114.341953 98.159511 99.960752
1416 1.398020 1.561872 0.972791 97.484832 137.952919 100.258286
1417 1.408215 1.627750 0.922653 107.784311 112.245371 35.160574
1418 1.536914 1.618633 0.866926 108.771325 164.733123 35.945570
1419 1.497413 1.807843 0.886164 116.415937 89.466480 170.164789
1420 1.431036 1.907891 1.048317 103.337736 149.710527 152.901973
1421 1.452231 1.843185 0.879307 116.498637 106.700195 15.443268
1422 1.423147 1.580718 1.078800 102.812278 116.307372 21.640354
1423 1.478933 1.583763 0.967203 102.558004 138.459345 47.273873
1424 1.532173 1.639854 0.986474 115.769174 119.572574 159.802265
1425 1.466187 1.674469 1.136426 99.777560 159.896291 172.993384
1426 1.510521 1.642704 0.895679 101.705262 138.257614 177.592922
1427 1.549730 1.563357 0.922514 114.759245 130.108250 85.247138
1428 1.448762 1.599195 1.122770 112.525207 105.184214 153.853973
1429 1.480846 1.657320 0.926676 115.761251 104.068915 13.289333
1430 1.433983 1.666756 0.987421 104.486364 121.443526 132.703193
1431 1.472892 1.611268 1.017943 123.900687 87.671159 28.899530
1432 1.470203 1.598605 0.922585 123.107399 97.490437 69.284421
1433 1.500582 1.569614 0.975204 112.297225 102.918325 124.113435
1434 1.456315 1.755882 1.080561 117.724651 106.003902 22.491979
1435 1.412593 1.842612 1.143623 108.083179 152.246924 19.912597
1436 1.477842 1.449908 1.092680 117.568142 122.104628 10.506096
1437 1.428186 1.644841 1.284748 115.182275 110.441863 11.620493
1438 1.452626 1.557766 0.977543 100.153971 129.126618 152.264444
1439 1.583662 1.597119 1.008176 108.090447 99.132768 165.041490
1440 1.402828 1.407990 1.022388 117.696874 106.562946 13.176992
1441 1.518926 1.499310 0.936518 112.124634 124.738503 55.714112
1442 1.515130 1.753889 0.981505 103.023093 111.606590 9.242152
1443 1.543642 1.755625 1.133372 114.991634 108.705670 151.724039
1444 1.479484 1.518832 1.104450 111.890819 122.972711 13.693420
1445 1.597270 1.586762 0.998553 129.123734 100.640844 118.653839
1446 1.469673 1.777946 0.999248 116.384918 102.746750 178.892623
1447 1.415408 1.601835 1.092469 111.418883 118.385983 137.722904
1448 1.408231 1.775995 0.923401 109.408216 178.882984 64.255046
1449 1.439422 1.599381 0.948572 112.453969 126.666708 70.855811
1450 1.518959 1.662374 0.983383 110.316212 124.189412 138.241014
1451 1.375921 1.617001 1.012305 109.890970 126.260528 5.102645
1452 1.471198 1.581668 1.045605 111.289881 116.625269 123.500839
1453 1.437419 1.629526 1.020225 118.308631 107.246089 106.892666
1454 1.473327 1.717866 0.923034 101.698184 116.178190 19.808029
1455 1.447772 1.582691 0.892677 91.891250 121.420331 12.005802
1456 1.491473 1.595302 0.969919 109.613979 161.446025 166.089857
1457 1.449337 1.426692 0.925042 130.753054 112.793986 147.761860
1458 1.533603 1.531307 0.971605 116.281433 131.779954 34.425586
1459 1.533913 1.635926 1.007529 119.029166 141.649032 118.350606
1460 1.398864 1.744036 0.869072 107.952052 115.583434 42.575542
1461 1.378538 1.703816 0.931793 108.077298 131.788259 165.045909
1462 1.418167 1.594398 1.114815 126.722433 101.883267 29.500317
1463 1.427651 1.485578 1.074832 112.079361 104.245333 70.685333
1464 1.415371 1.709654 1.108316 126.342532 99.759223 10.251948
1465 1.530998 1.618963 1.065093 115.890736 120.027081 53.138092
1466 1.504869 1.630695 0.972528 109.510830 96.344889 123.033227
1467 1.409534 1.675845 1.072126 101.023818 156.289846 128.842330
1468 1.583051 1.770938 1.046398 112.692601 170.988096 106.258764
1469 1.428116 1.662583 0.948705 104.227719 116.874189 150.740320
1470 1.515892 1.584397 0.989038 127.825000 133.018944 16.416464
1471 1.620056 1.797552 1.054775 123.758905 97.980202 70.703498
1472 1.486581 1.763181 1.036374 117.726393 92.528465 61.537754
1473 1.493151 1.625789 1.066396 111.339295 107.082393 31.381236
1474 1.556139 1.669510 1.000061 129.426548 86.184639 65.335013
1475 1.392614 1.574098 1.006666 117.573742 101.616899 20.200775
1476 1.448276 1.628426 0.925182 105.254394 109.708773 69.369806
1477 1.473928 1.847076 0.933337 100.004804 88.311016 49.109178
1478 1.538328 1.525230 1.014315 99.791189 120.553390 2.068601
1479 1.570921 1.635321 0.927596 100.178230 104.844458 173.952020
1480 1.483431 1.840356 0.955182 111.011565 179.968259 102.446279
1481 1.414226 1.530679 0.951769 106.783085 96.419106 117.014395
1482 1.530942 1.715462 1.042497 107.757657 95.480987 11.246759
1483 1.425076 1.768720 1.032504 117.730665 101.114610 84.784506
1484 1.402384 1.572399 1.145706 89.518460 127.562675 134.126547
1485 1.553145 1.563058 1.064980 123.848433 149.342968 23.928870
1486 1.522463 1.743905 0.919425 115.535307 129.349975 17.513160
1487 1.451158 1.758238 0.967608 116.697603 101.684528 152.283439
1488 1.476082 1.638283 0.955856 126.803877 120.543632 64.665683
1489 1.549720 1.568741 1.053995 93.296612 90.832421 46.581103
1490 1.377015 1.559469 0.861843 96.531519 128.273037 15.371057
1491 1.454937 1.548092 0.964857 113.537538 126.968881 40.231147
1492 1.477133 1.737425 1.006044 126.696893 133.011086 135.492199
1493 1.484509 1.549038 0.953699 111.880203 121.473204 142.410982
1494 1.429399 1.678326 1.037410 121.607187 118.056078 84.691752
1495 1.493816 1.500594 1.008880 103.666268 140.949169 151.318517
1496 1.683914 1.532560 1.059573 124.792691 151.664348 138.984483
1497 1.404969 1.766718 1.019032 128.534165 112.515204 20.742286
1498 1.488809 1.993245 1.152241 113.723326 175.526050 44.467500
1499 1.495843 1.541068 0.898870 91.860156 96.458889 156.663595
1500 1.417476 1.676138 1.101901 109.493497 122.779660 28.646136
1501 1.550919 1.509040 1.040789 96.299711 127.677879 14.055497
1502 1.569186 1.549704 0.919693 107.554515 123.569404 162.526536
1503 1.577780 1.705168 0.963897 104.955660 119.005312 175.817287
1504 1.465853 1.530223 1.029739 128.660594 171.353029 19.821424
1505 1.645322 1.530370 1.043836 119.498793 105.026721 63.365755
1506 1.598582 1.432504 0.905620 107.370720 95.886317 178.927983
1507 1.386102 1.465920 1.002530 120.193480 95.467267 16.167524
1508 1.482334 1.421670 0.850737 108.279682 106.176072 69.447236
1509 1.452196 1.660409 0.949917 110.207484 108.231274 42.788925
1510 1.444769 1.439073 1.092272 130.555198 93.963499 15.565491
1511 1.439745 1.852746 0.886878 143.748639 144.583457 146.229403
1512 1.441479 1.614400 0.942762 102.172809 100.136707 5.313988
1513 1.422139 1.792055 0.899940 100.860089 93.169773 17.667290
1514 1.442697 1.998467 0.928411 110.778699 82.740045 110.247953
1515 1.543317 1.466693 1.073056 115.512303 114.629341 40.626319
1516 1.546603 1.701607 1.018596 116.858602 98.076976 19.339451
1517 1.455145 1.724928 0.905254 117.591541 130.398109 107.368483
1518 1.525463 1.609180 0.931347 102.331682 107.532838 10.159694
1519 1.440027 1.701579 0.975112 121.675499 137.550232 11.372753
1520 1.400705 1.654150 0.953715 123.042969 115.682220 117.138247
1521 1.443558 1.478902 0.806645 122.805190 152.689215 78.557435
1522 1.541538 1.585768 1.122961 102.096533 127.965270 148.865993
1523 1.463116 1.563159 1.320619 108.401054 161.407182 59.765057
1524 1.471579 1.553115 1.153409 114.428306 142.213967 27.183040
1525 1.393971 1.659182 0.983601 106.105517 116.082050 50.370709
1526 1.506057 1.708883 0.888786 107.567859 83.995661 65.236474
1527 1.467089 1.682690 0.898016 113.692364 136.149762 168.177785
1528 1.471597 1.506464 0.935516 120.569873 108.936857 27.808438
1529 1.532017 1.762089 0.939772 108.369194 147.558714 173.749701
1530 1.466646 1.777257 1.007168 114.532645 111.379481 1.069171
1531 1.454065 1.587831 1.015619 99.079512 121.072221 48.382661
1532 1.450219 1.590126 0.975632 136.421314 110.043346 19.541235
1533 1.370869 1.583078 1.036689 116.132580 113.239097 39.097018
1534 1.471488 1.603202 1.000309 126.793364 113.230622 105.935378
1535 1.434500 1.726399 1.003101 130.060455 120.881204 24.470662
1536 1.396573 1.543082 0.955500 114.005029 96.684737 51.913814
1537 1.510668 1.629273 0.986596 109.255085 131.234503 55.259746
1538 1.473022 1.577982 0.924257 100.348447 108.743805 43.268306
1539 1.470130 1.679070 0.986208 117.302114 92.710145 12.771696
1540 1.456575 1.698373 0.876632 105.977517 121.275562 131.540782
1541 1.378158 1.492238 0.997963 115.187189 137.974098 170.504199
1542 1.389143 1.747730 0.993729 113.563359 136.727557 55.247524
1543 1.417228 1.746652 1.087035 102.553554 132.272094 13.142521
1544 1.439837 1.802707 0.852687 121.082501 117.967930 3.740868
1545 1.477825 1.593736 0.986975 127.726973 127.242088 78.945303
1546 1.559264 1.509166 0.874480 102.717434 165.352840 71.628451
1547 1.488960 1.488118 1.042600 103.181183 131.129784 109.122838
1548 1.420316 1.628138 1.022760 104.633162 123.451158 152.788686
1549 1.540811 1.540248 0.948464 115.632607 111.945152 78.680455
1550 1.423192 1.519818 0.928008 112.387232 109.202636 8.006317
1551 1.391472 1.690846 0.991452 91.858921 118.424350 6.003189
1552 1.467259 1.759515 0.958011 116.471243 130.917438 8.903682
1553 1.401619 1.571313 1.019219 113.747525 105.073091 108.692876
1554 1.514369 1.463026 1.004528 121.223928 84.331176 14.214982
1555 1.397940 1.783587 0.982592 108.160929 106.517281 34.855660
1556 1.442236 1.535141 1.098550 101.103450 103.589461 102.983374
1557 1.489055 1.730621 0.917610 105.778259 168.890760 132.252358
1558 1.480020 1.713062 0.970399 107.815917 120.046544 21.995488
1559 1.507905 1.376666 1.038102 124.503036 94.999995 52.278570
1560 1.601168 1.638898 0.985465 109.263374 89.858989 52.537391
1561 1.321532 1.744124 1.030884 107.772880 105.338158 178.180828
1562 1.471302 1.533651 1.085189 103.535062 115.709089 35.120758
1563 1.516611 1.700775 1.032927 92.078008 139.036040 2.902746
1564 1.439036 1.500349 0.916802 114.018747 95.196956 118.544313
1565 1.533496 1.551927 0.855042 100.719738 103.307001 152.934514
1566 1.435048 1.522054 1.000010 113.601237 128.854432 30.272045
1567 1.594295 1.700022 0.944275 110.560034 120.771705 6.506162
1568 1.431586 1.740305 1.072435 114.947294 95.512250 23.495315
1569 1.417905 1.667119 1.097118 104.718439 89.177664 27.966765
1570 1.448373 1.692451 1.067848 136.505132 106.361755 63.187851
1571 1.447880 1.675862 0.918390 102.964173 179.431557 51.297212
1572 1.560326 1.569917 0.891991 121.114792 130.643902 73.895165
1573 1.384915 1.544808 0.940634 108.123962 115.213309 5.024079
1574 1.523646 1.551600 1.113972 113.534916 112.243001 134.916627
1575 1.541362 1.627379 0.954146 99.784129 103.398167 80.395154
1576 1.488069 1.595522 0.935216 90.533671 104.610674 93.187071
1577 1.340242 1.539254 0.951569 119.825054 85.877544 47.517269
1578 1.504940 1.666825 1.083721 112.560982 134.324024 149.173883
1579 1.475316 1.510218 1.093794 108.134609 123.843308 0.379207
1580 1.374715 1.394489 0.917308 101.633064 82.464006 122.853479
1581 1.439209 1.565317 1.066415 109.091962 102.426183 47.007228
1582 1.429808 1.760935 0.949059 113.786184 126.927951 161.509758
1583 1.532540 1.741501 1.081745 102.673261 150.488015 12.278285
1584 1.493215 1.643310 0.975516 116.509778 135.674053 40.240828
1585 1.480327 1.558038 0.948684 115.367850 141.057128 137.121435
1586 1.547856 1.947386 0.932804 109.259699 123.240447 9.211308
1587 1.424560 1.851278 0.977679 120.042286 93.888217 31.145923
1588 1.379135 1.495986 1.030975 107.784143 112.746900 74.137851
1589 1.364443 1.548965 1.090567 112.436311 108.736861 128.859192
1590 1.497812 1.834919 0.991342 109.609894 130.330513 35.519321
1591 1.425419 1.463965 1.025273 104.711204 100.437264 152.856114
1592 1.549956 1.632094 1.195667 104.832654 92.238797 179.688145
1593 1.505393 1.516968 1.194465 103.131972 98.855991 71.485148
1594 1.589459 1.598947 0.988256 115.211664 109.923318 73.891618
1595 1.539379 1.641858 0.987984 102.849270 176.112056 137.476887
1596 1.754568 1.585417 1.019435 104.070574 117.187285 16.313144
1597 1.508126 1.463022 0.863620 116.306396 139.334273 39.313813
1598 1.585705 1.548669 0.909232 118.229178 78.238232 168.207814
1599 1.601974 1.626168 0.931423 120.214544 99.607112 30.374197
1600 1.530594 1.603845 1.035245 104.609189 136.925846 162.867336
1601 1.439176 1.611162 1.005315 103.394959 110.564816 113.311863
1602 1.414045 1.748618 0.966336 108.798039 117.905216 6.871296
1603 1.540109 1.680296 1.116805 110.326283 119.229890 90.800149
1604 1.532550 1.622985 0.801364 121.102264 113.231350 65.032301
1605 1.494342 1.541556 0.998180 103.923723 83.751017 28.272335
1606 1.399345 1.671402 0.857175 116.355471 105.542682 37.661826
1607 1.527114 1.863604 1.049278 103.845350 117.741955 140.264745
1608 1.614399 1.576338 0.948602 122.133353 121.819987 58.422997
1609 1.516721 1.857638 0.960190 105.106669 106.965183 163.219538
1610 1.453114 1.617769 1.006298 94.975519 131.814328 26.083448
1611 1.532691 1.566427 0.887377 121.205713 127.137967 175.415056
1612 1.491918 1.551352 1.024589 103.233374 117.884323 62.022398
1613 1.509530 1.700741 0.978000 119.161183 167.404666 152.760943
1614 1.419421 1.584692 1.047812 108.362002 156.970453 132.166433
1615 1.454930 1.596452 1.032174 100.609001 92.298511 24.773263
1616 1.505813 1.586123 0.963853 126.422186 114.245642 91.431346
1617 1.502243 1.621123 1.063670 126.772296 109.837297 39.794120
1618 1.509949 1.553263 1.010975 118.636193 98.921549 15.756251
1619 1.438102 1.550474 0.923106 102.612675 120.160919 11.000747
1620 1.471252 1.501845 0.904636 106.542350 99.970537 74.681764
1621 1.518080 1.654971 0.914808 120.781428 107.779503 150.148799
1622 1.517109 1.541688 0.876418 112.646090 123.937565 146.613069
1623 1.500590 1.617447 1.030873 114.098053 93.871094 95.411000
1624 1.486975 1.582375 0.907389 122.501405 116.001807 78.372444
1625 1.367458 1.640678 1.000139 123.818348 122.767865 42.476294
1626 1.472684 1.559725 0.965858 92.993081 130.648665 56.443325
1627 1.547789 1.627799 0.901115 110.746173 104.599965 48.048608
1628 1.454436 1.681344 0.945572 90.608826 168.691876 130.468216
1629 1.569013 1.791224 0.990668 106.030473 96.411863 55.605846
1630 1.596085 1.740241 1.170163 122.491651 115.467927 138.773200
1631 1.513226 1.661174 0.933178 109.626684 130.044613 90.986736
1632 1.535518 1.595192 0.917595 103.322381 82.287766 10.936146
1633 1.496533 1.552521 0.947055 120.962268 121.542014 46.206065
1634 1.407541 1.586240 0.928595 102.633942 112.280222 37.228200
1635 1.439245 1.604765 1.072743 114.452678 106.067616 116.913886
1636 1.588393 1.683751 0.975398 109.767396 128.180080 178.954298
1637 1.448732 1.567786 0.911727 105.955512 89.446799 132.080028
1638 1.420898 1.760326 0.950293 111.152542 98.533396 4.061890
1639 1.456367 1.700016 1.095589 103.644685 121.921204 55.047043
1640 1.441495 1.595262 1.045961 126.270460 117.698220 94.523936
1641 1.467620 1.415192 0.936816 102.484475 175.316399 17.504108
1642 1.521075 1.557553 1.004092 119.899662 103.975487 24.350222
1643 1.475855 1.598428 0.994421 110.929386 124.179821 84.681977
1644 1.471678 1.633958 0.969070 107.475386 111.189268 38.798953
1645 1.499054 1.685759 1.043680 126.132403 110.248574 114.205948
1646 1.461576 1.608000 0.899576 113.036559 123.142719 110.986558
1647 1.467044 1.677115 0.891913 101.821461 112.551864 72.632417
1648 1.490322 1.504536 0.926678 103.079029 150.504600 117.437194
1649 1.449445 1.712359 1.118960 100.994429 106.456602 27.373588
1650 1.351175 1.674297 0.963215 101.509248 115.450093 168.176976
1651 1.550457 1.900924 1.002571 104.146111 108.542010 137.548901
1652 1.481517 1.449292 1.028971 116.853045 120.826301 167.773070
1653 1.484612 1.597336 0.897987 114.763606 97.747253 45.473210
1654 1.528935 1.696392 1.039036 105.008483 121.351874 179.959945
1655 1.475398 1.599006 0.918367 115.485206 95.498970 11.493017
1656 1.388737 1.740254 0.951696 108.430764 149.365693 160.400484
1657 1.740219 1.599298 1.054888 112.705376 106.867238 108.750249
1658 1.430191 1.780295 1.012212 120.293670 122.758953 54.883129
1659 1.414587 1.608965 0.861832 104.743717 103.631210 3.268639
1660 1.583614 1.635400 0.929741 105.862048 119.189840 39.310344
1661 1.307820 1.633361 0.983909 117.137803 103.765667 20.099500
1662 1.486562 1.335312 1.021608 107.657297 129.924108 10.243860
1663 1.557675 1.504783 1.018858 122.596519 173.697917 22.543234
1664 1.465662 1.443014 1.020513 107.335503 109.151257 18.297951
1665 1.368006 1.539642 0.844743 106.099789 162.721346 7.538898
1666 1.611320 1.734630 0.981881 114.177339 85.630744 16.502168
1667 1.359423 1.505848 1.008357 107.517648 120.240838 121.533970
1668 1.523137 1.596313 0.865839 99.243841 101.055013 106.127338
1669 1.485484 1.531930 0.942616 105.065653 126.681722 141.668089
1670 1.479331 1.735299 0.936514 116.426122 137.591236 89.170860
1671 1.444913 1.600135 0.991709 116.568851 127.941882 116.206840
1672 1.508361 1.476731 0.949368 119.567673 135.809917 20.855765
1673 1.543928 1.678655 1.002297 114.774735 114.510963 171.603355
1674 1.491030 1.561317 0.925710 104.648168 121.164008 113.427055
1675 1.447616 1.606802 1.013066 128.176389 107.014140 153.854104
1676 1.340454 1.802706 1.102887 105.263827 105.355689 47.676958
1677 1.466885 1.828992 1.012729 116.551676 118.953184 16.496979
1678 1.320294 1.557770 0.961155 103.753205 117.806260 122.144587
1679 1.412310 1.504552 0.988965 114.624713 119.614236 92.923709
1680 1.439285 1.543733 0.980170 107.708444 122.869705 20.451462
1681 1.456216 1.545898 0.912513 98.546414 132.958513 24.459083
1682 1.470023 1.686074 0.970406 125.487648 92.028331 8.865628
1683 1.484435 1.803377 0.974025 80.423646 119.328070 149.076410
1684 1.369576 1.780626 0.979740 113.020749 135.337049 58.154661
1685 1.447859 1.633678 1.133145 132.508389 100.652251 74.455410
1686 1.431374 1.564864 0.928807 118.113364 115.599576 167.059903
1687 1.481420 1.583143 1.075868 120.691246 130.727190 64.745583
1688 1.515941 1.769859 0.988538 112.906073 112.773551 130.079505
1689 1.483244 1.736402 0.971877 89.116713 79.694149 20.897060
1690 1.566538 1.705947 1.081328 105.950126 110.875784 40.973818
1691 1.455760 1.735266 0.972433 145.029462 97.283235 147.085265
1692 1.418641 1.790092 0.960573 110.184117 93.523155 169.564808
1693 1.510872 1.642062 0.949658 113.886410 131.971382 1.696434
1694 1.487535 1.458420 1.010693 110.308314 94.980387 105.179738
1695 1.523451 1.583416 0.997682 91.318885 171.374180 29.757000
1696 1.546064 1.480726 1.101820 107.256923 100.678032 72.725495
1697 1.420797 1.631694 1.017721 107.782949 135.290810 121.504648
1698 1.621744 1.641027 0.949247 109.728496 126.208088 23.430701
1699 1.407797 1.546971 0.876591 108.568192 149.306887 37.879805
1700 1.481589 1.581518 0.996251 109.972406 105.199154 122.003980
1701 1.424823 1.646532 0.955790 116.092055 120.039697 127.199432
1702 1.442956 1.600920 0.962828 99.484467 103.470625 170.821306
1703 1.570334 1.504726 1.019272 98.798427 131.388885 152.892389
1704 1.461547 1.576170 1.069212 108.837524 160.232321 96.505826
1705 1.463585 1.601882 1.007543 102.637402 124.603321 32.058397
1706 1.417749 1.825240 0.889542 115.047107 109.813071 75.876124
1707 1.399871 1.655930 0.915165 115.852945 106.535831 121.452057
1708 1.509543 1.576986 0.947778 124.205212 151.808030 61.963320
1709 1.406101 1.589733 0.864891 112.901096 150.758181 9.731874
1710 1.487207 1.855299 0.932421 94.733126 84.589543 9.235332
1711 1.500419 1.673992 0.962012 139.619368 105.978559 146.474221
1712 1.365160 1.630070 0.898428 129.164603 112.024072 110.255193
1713 1.591331 1.760222 1.093122 109.995590 96.825406 173.009217
1714 1.361571 1.609057 0.994083 105.014734 107.270582 72.862068
1715 1.542860 1.557479 1.074103 97.552028 141.631690 51.573039
1716 1.483323 1.516606 0.949106 118.162603 147.382313 174.431753
1717 1.485237 1.599330 1.139973 127.627505 115.982373 153.165835
1718 1.482155 1.543786 1.054496 102.259409 160.062207 69.797110
1719 1.521770 1.694061 0.932154 114.628407 129.214937 87.045675
1720 1.539622 1.687035 1.126249 102.159459 127.988518 10.398602
1721 1.474762 1.619623 0.919628 102.545795 123.722021 42.784848
1722 1.424088 1.586300 0.946483 103.509066 127.384906 8.689363
1723 1.428893 1.641739 0.976563 96.391694 140.098964 160.829986
1724 1.461029 1.686442 0.966306 106.866939 163.444507 162.610497
1725 1.496626 1.415780 1.130221 100.858055 86.623553 14.288415
1726 1.539824 1.670950 0.982758 123.646976 134.236622 87.116706
1727 1.714686 1.775684 1.038971 110.534841 150.641516 42.216423
1728 1.502373 1.646224 1.028091 101.846303 103.068453 114.203860
1729 1.539289 1.661097 1.002625 111.034890 120.413787 67.394586
1730 1.449809 1.453021 1.105590 107.776902 112.140232 12.241808
1731 1.471991 1.524513 1.004750 123.361913 108.378527 44.651689
1732 1.470638 1.731805 1.024810 101.626309 136.496486 11.509503
1733 1.592320 1.693963 0.952864 102.657949 142.437550 12.282315
1734 1.483052 1.591325 0.891624 116.671631 123.529314 18.800409
1735 1.510184 1.509514 1.016586 108.680920 124.114690 26.085909
1736 1.555076 1.594733 0.933147 103.530286 139.058431 138.201222
1737 1.493700 1.734064 0.867318 107.619436 101.670217 116.700734
1738 1.349146 1.709059 0.990048 105.930342 123.511982 16.530356
1739 1.351332 1.521194 0.999913 107.566264 129.505600 112.575857
1740 1.571051 1.619894 1.088314 113.942990 96.377859 140.277137
1741 1.481291 1.570592 1.001679 132.949232 96.466411 64.188931
1742 1.551231 1.616433 0.953121 107.148815 132.936639 105.283014
1743 1.378276 1.586016 1.049050 125.424559 84.296454 4.657244
1744 1.532361 1.715127 0.985325 128.115509 142.058879 1.410262
1745 1.477080 1.530830 1.025014 123.298468 117.541436 2.775843
1746 1.411351 1.605322 1.022237 106.304981 95.836750 69.228786
1747 1.474812 1.496103 1.020429 109.427156 121.960230 3.703000
1748 1.613679 1.908582 0.823158 91.484041 130.134595 79.269583
1749 1.405639 1.733587 0.965731 130.237145 117.166420 9.650400
1750 1.456851 1.787226 1.120985 100.467569 112.657859 113.217655
1751 1.434211 1.667445 0.907696 114.535174 67.883530 23.846930
1752 1.396187 1.607733 0.874121 96.750231 163.866879 90.809812
1753 1.454837 1.451930 1.110300 130.581504 119.485635 46.238266
1754 1.499092 1.685520 0.934199 114.304758 85.430000 23.744189
1755 1.482582 1.560726 1.016455 116.603717 121.639240 22.633272
1756 1.436867 1.506762 0.929261 100.501049 109.445866 65.425359
1757 1.498162 1.603333 0.917434 138.389536 112.751714 140.113113
1758 1.538157 1.728700 1.055346 114.626158 153.961874 33.220287
1759 1.508441 1.748202 0.863559 107.079940 112.769590 145.634562
1760 1.389707 1.685544 0.991942 108.615769 136.640039 52.785899
1761 1.534695 1.576263 1.103502 104.457970 107.308506 161.660139
1762 1.508869 1.736020 0.998574 110.378123 105.444049 89.133034
1763 1.457085 1.806758 0.987618 103.872533 140.288541 29.371919
1764 1.453487 1.759668 1.009704 112.186708 92.360916 2.105473
1765 1.457825 1.583078 0.926997 110.541857 119.993261 104.544040
1766 1.532181 1.590812 0.903324 113.543217 135.450731 2.036430
1767 1.508281 1.701726 0.904176 105.135514 91.762870 134.133289
1768 1.474202 1.647548 1.073716 116.009417 93.080594 12.639048
1769 1.427138 1.634283 1.121613 98.812570 127.785361 19.639338
1770 1.577503 1.445488 1.005390 108.336425 157.290074 146.766356
1771 1.585649 1.621081 0.992084 116.657747 114.459487 93.356782
1772 1.462009 1.634058 0.954601 109.148891 124.711501 29.834202
1773 1.518949 1.580164 0.900611 114.816418 78.536134 133.330918
1774 1.412895 1.576810 0.937798 101.917447 135.781265 3.013865
1775 1.495010 1.761103 0.890851 116.859917 173.557727 172.759495
1776 1.491542 1.764428 0.980340 93.884461 130.918308 35.957358
1777 1.450751 1.566203 1.125420 125.474369 106.782649 139.698470
1778 1.431512 1.647042 0.966115 97.780985 142.154199 4.853931
1779 1.479498 1.609052 1.170992 113.812786 172.461745 133.634560
1780 1.390257 1.792704 0.970240 127.754045 98.541458 172.332183
1781 1.513027 1.728120 1.012681 114.334738 97.953094 45.661020
1782 1.538347 1.592908 1.002790 110.200690 109.136995 85.374046
1783 1.445287 1.549371 1.056966 100.560526 118.318991 0.236500
1784 1.444719 1.998675 1.025992 116.202010 100.154522 146.366697
1785 1.486791 1.657923 1.029125 122.558306 107.252347 109.424049
1786 1.414338 1.661895 0.903603 113.235049 123.962813 98.831493
1787 1.462316 1.528634 0.946035 113.863453 98.969014 147.628659
1788 1.455826 1.538716 0.962914 106.613543 157.290732 170.875238
1789 1.485189 1.624180 0.846523 115.097930 144.609062 149.745902
1790 1.605462 1.652381 0.914960 110.338613 127.115098 91.383475
1791 1.560580 1.585733 1.055466 121.169750 117.732019 13.521988
1792 1.541356 1.650381 0.948260 103.274196 99.691265 28.103635
1793 1.525838 1.673000 1.002938 128.851662 81.609829 162.067003
1794 1.521061 1.641970 1.004269 114.035783 103.925181 5.109524
1795 1.444196 1.586625 0.923792 119.516403 146.375458 175.867454
1796 1.444879 1.496220 0.898792 95.313643 98.155960 142.043698
1797 1.458832 1.657228 0.920223 115.297894 135.045594 17.152988
1798 1.531531 1.712121 0.788207 107.490848 126.087752 12.263271
1799 1.543618 1.727607 0.966000 94.356035 163.799526 104.305090
1800 1.433186 1.550341 0.925226 119.859824 133.810913 11.178411
1801 1.501825 1.687594 0.929062 114.106937 86.392851 170.250011
1802 1.400253 1.501381 0.854753 96.613762 115.393173 89.077296
1803 1.394659 1.585925 1.029669 103.012664 98.405749 70.679800
1804 1.410731 1.753700 1.034045 123.111701 104.285641 165.197928
1805 1.505550 1.607622 1.086449 115.469977 107.384901 107.257781
1806 1.344977 1.733032 1.002309 118.089502 143.318374 174.642614
1807 1.573935 1.644357 0.935915 117.905251 90.389733 108.869775
1808 1.539604 1.510800 1.064473 110.016728 116.516977 112.715382
1809 1.415115 1.504544 1.029630 109.599150 128.236554 136.483640
1810 1.518334 1.429626 1.001181 127.269127 120.436526 13.642240
1811 1.531916 1.605052 0.926673 123.951674 140.004372 154.286512
1812 1.421884 1.684800 0.924172 119.353360 95.537967 160.699793
1813 1.509943 1.632822 0.911498 101.055797 167.727362 47.163835
1814 1.439883 1.569153 1.005847 126.675700 126.103195 78.043252
1815 1.512618 1.699672 0.966304 92.690831 126.944508 93.896263
1816 1.553223 1.903367 1.111959 109.353026 129.724082 16.267474
1817 1.539130 1.476929 0.895751 123.842840 105.000542 18.093536
1818 1.560079 1.584638 0.966912 130.946741 94.457155 159.537609
1819 1.447926 1.594245 0.919765 111.565702 98.935965 148.797381
1820 1.352939 1.609321 0.953537 102.555945 110.324470 8.291606
1821 1.499295 1.571171 1.041683 103.661621 119.277266 33.683095
1822 1.466852 1.546472 0.960171 105.739088 108.599242 164.242568
1823 1.374861 1.673680 0.974462 106.471031 90.938779 177.680986
1824 1.533763 1.729107 0.860376 108.304166 100.896544 162.471531
1825 1.392841 1.819456 0.962584 118.562696 131.771290 63.693156
1826 1.384492 1.575707 1.123542 105.775887 111.255952 160.388581
1827 1.528032 1.647913 1.062008 112.738596 94.402040 11.787400
1828 1.634669 1.675705 1.038348 114.426087 98.049592 156.486151
1829 1.571630 1.504041 0.910330 126.792694 109.683396 25.398876
1830 1.449263 1.619520 1.080122 118.313099 142.145174 128.662972
1831 1.440764 1.617221 0.962506 106.568437 111.237791 31.298389
1832 1.431489 1.560320 0.950574 102.292985 171.025538 135.911171
1833 1.515554 1.679004 0.949032 96.152625 103.069695 67.114433
1834 1.501715 1.580127 0.923317 121.653885 116.712507 124.542904
1835 1.495017 1.484899 0.892233 127.040768 133.306432 179.980703
1836 1.533565 1.641047 0.999386 119.188794 113.295780 26.256044
1837 1.481063 1.668125 1.076953 111.749464 136.133624 131.402084
1838 1.456452 1.452902 1.072518 103.365781 116.930244 22.910309
1839 1.446496 1.476801 1.077067 101.561860 96.769338 3.478240
1840 1.549731 1.567925 0.883807 121.964770 105.526445 105.389416
1841 1.433009 1.541826 1.033795 112.566656 107.022763 37.125423
1842 1.494341 1.532592 0.950392 101.909083 92.514188 94.016136
1843 1.532886 1.623549 1.005234 107.272722 153.109865 72.633967
1844 1.580226 1.695522 0.961035 99.685358 97.570314 23.392566
1845 1.433789 1.699885 0.969106 105.761572 145.668920 6.690558
1846 1.489490 1.621263 0.924952 126.915698 136.537750 172.266815
1847 1.557554 1.524855 0.891882 100.417166 112.498142 51.887724
1848 1.394128 1.653746 1.027355 106.789931 98.536960 95.156526
1849 1.421494 1.825557 1.019307 124.294179 107.145113 19.937972
1850 1.485510 1.642463 0.952993 99.008939 109.730994 9.396413
1851 1.352401 1.668620 0.951308 141.710987 138.293349 170.311590
1852 1.584894 1.536186 1.098855 113.805938 123.161374 14.438801
1853 1.476182 1.515964 1.028517 125.191966 160.278464 27.182861
1854 1.470967 1.632797 1.069559 124.524703 98.549269 165.282070
1855 1.549238 1.605416 1.074253 122.341368 95.632640 20.131225
1856 1.452767 1.483283 1.078003 117.636216 110.168121 156.257112
1857 1.505460 1.617293 0.874618 127.015384 106.852863 95.508443
1858 1.473932 1.634881 1.089659 101.734963 157.503512 177.700090
1859 1.431575 1.617568 1.125818 133.231461 104.739646 162.406223
1860 1.429577 1.535816 1.098480 125.952275 99.503049 20.338802
1861 1.458103 1.524908 0.904850 111.300711 79.832688 165.601734
1862 1.347112 1.637195 1.019084 105.423362 143.814692 86.658384
1863 1.451841 1.550874 0.851545 106.494893 108.448125 26.638163
1864 1.431700 1.602878 1.133839 128.772270 101.096748 162.699862
1865 1.529758 1.782218 0.939735 120.456665 114.327164 18.112833
1866 1.480249 1.551704 1.011010 114.334286 145.642648 165.988253
1867 1.467997 1.584411 0.949936 105.539586 125.565036 22.840269
1868 1.533064 1.682964 0.967843 121.578606 116.644586 4.062356
1869 1.495464 1.735857 1.054710 120.088311 127.275800 162.825431
1870 1.423301 1.700592 0.976676 93.574256 103.723518 127.166371
1871 1.566755 1.785260 0.934032 132.337516 103.485293 34.855697
1872 1.550505 1.827581 0.835193 114.483537 128.384248 134.681008
1873 1.429350 1.425852 0.996916 106.584418 111.294502 97.729725
1874 1.388741 1.597069 1.015385 124.837387 158.037328 160.793765
1875 1.397384 1.570066 0.972620 106.499945 169.192833 152.013952
1876 1.394532 1.535953 0.859991 108.452969 101.248277 1.282036
1877 1.418908 1.626022 0.934181 133.916010 137.521081 20.398650
1878 1.411654 1.849323 0.878497 106.283624 99.281369 62.095106
1879 1.448596 1.652899 1.047589 121.264910 118.029291 91.561851
1880 1.407902 1.504201 0.973563 114.696777 132.953119 162.570796
1881 1.512462 1.593478 0.990085 109.893922 152.951569 74.774921
1882 1.446978 1.724964 1.068809 110.080174 121.389474 152.735907
1883 1.431172 1.481730 0.991614 110.989647 122.035621 154.279069
1884 1.393245 1.539102 0.934826 104.234229 96.882090 96.297887
1885 1.482832 1.519683 1.003366 115.027611 106.562094 97.492043
1886 1.525960 1.537751 0.988115 115.778682 114.236019 16.125979
1887 1.468393 1.654087 0.980133 103.185310 102.688329 12.697207
1888 1.561667 1.502871 0.792747 109.113386 131.936127 31.771614
1889 1.468072 1.606280 0.906113 117.924785 125.160762 84.454742
1890 1.444841 1.681087 0.898296 116.485725 100.436843 155.143819
1891 1.461199 1.545813 0.982460 124.867028 122.225446 151.607946
1892 1.450991 1.570973 1.052062 112.612797 106.158406 36.626620
1893 1.440998 1.638743 0.964398 128.858809 143.472941 46.702993
1894 1.386624 1.661191 0.968938 117.476631 118.687165 21.993130
1895 1.420647 1.926168 0.994257 117.999170 104.904393 10.232065
1896 1.425539 1.539528 1.020430 107.266426 93.442649 0.549595
1897 1.365704 1.610381 1.053868 110.747125 131.063801 80.274985
1898 1.511059 1.648779 1.070621 122.622130 176.819918 142.997560
1899 1.437181 1.485454 1.133085 112.301793 107.816647 24.149129
1900 1.530940 1.813760 0.942742 114.523204 118.499039 128.426148
1901 1.440732 1.559433 0.965405 121.671379 108.507217 14.287023
1902 1.493798 1.885323 0.918802 110.039906 104.338344 38.941234
1903 1.456903 1.588316 1.129582 101.410896 104.805181 48.019011
1904 1.442071 1.528462 0.920228 129.414856 125.602424 53.178284
1905 1.464566 1.668845 0.944382 100.251404 126.016282 46.905751
1906 1.451183 1.762332 1.212669 105.093373 162.938147 119.140805
1907 1.522103 1.490341 0.993636 117.054751 137.196850 43.474088
1908 1.390803 1.476460 0.992453 110.464954 90.934572 177.904570
1909 1.415815 1.672517 0.983713 98.857549 98.185685 116.186894
1910 1.548030 1.628142 0.913997 110.375901 87.674242 52.569097
1911 1.511512 1.723972 0.982075 105.030372 134.411428 150.955370
1912 1.506315 1.961235 1.073047 107.949644 119.003006 174.866339
1913 1.455279 1.878733 1.000083 102.372625 148.526345 34.856369
1914 1.465734 1.464403 0.975639 92.902677 98.842372 131.862308
1915 1.525746 1.533144 0.883260 99.248040 105.366827 119.643495
1916 1.460210 1.703395 0.892854 121.685245 143.465576 21.111029
1917 1.460772 1.557312 1.049934 116.448591 101.970477 11.924607
1918 1.412542 1.555762 0.936341 122.447358 101.028389 138.635626
1919 1.439756 1.521737 1.069062 103.057331 90.013345 90.287295
1920 1.421634 1.585134 0.927808 112.513290 93.947290 165.764563
1921 1.592621 1.719877 0.984184 124.865311 88.316135 0.608447
1922 1.521842 1.703907 1.004845 97.746687 116.018446 170.478750
1923 1.450133 1.717731 1.046637 110.270890 136.586703 126.471814
1924 1.464058 1.490574 1.011594 105.698466 144.584775 101.041502
1925 1.404047 1.667822 0.967250 111.810201 102.104334 161.905359
1926 1.557563 1.503638 0.881833 114.476375 114.757365 154.322372
1927 1.520190 1.680869 1.018262 97.186287 114.864106 172.613755
1928 1.503250 1.627793 0.980133 112.508130 97.648965 14.347607
1929 1.554068 1.856927 0.930874 114.607462 154.765060 164.603006
1930 1.526161 1.631687 0.966559 103.340196 119.042642 141.275780
1931 1.391197 1.584034 0.934942 114.136011 166.025376 56.369678
1932 1.347990 1.786772 0.882642 96.634690 146.748278 169.507652
1933 1.394022 1.610077 0.973462 116.409782 74.499700 7.394181
1934 1.469356 1.944575 1.065739 112.674885 140.184474 164.067649
1935 1.474272 1.636954 0.934216 99.637407 150.981366 37.536351
1936 1.522443 1.836503 0.853029 113.348367 109.594003 37.853787
1937 1.452636 1.661203 0.897428 116.253547 111.451635 136.918422
1938 1.606467 1.581397 1.007617 113.288472 157.521113 55.795983
1939 1.467244 1.698235 1.053784 111.147746 125.532197 85.953149
1940 1.504167 1.596117 0.925567 129.615059 79.363207 125.760784
1941 1.476230 1.819882 1.044392 108.573961 130.958112 47.450132
1942 1.412682 1.602250 1.016770 112.454425 151.401319 0.058573
1943 1.468589 1.853525 1.100193 101.508266 136.421712 150.153264
1944 1.581224 1.582203 1.014656 102.647503 173.323728 146.134488
1945 1.633038 1.791466 0.896260 113.711721 122.475399 4.559131
1946 1.478431 1.588767 0.858479 116.675242 125.590159 154.142597
1947 1.394214 1.672446 1.015778 105.657065 122.266484 16.043694
1948 1.401798 1.724684 0.954452 124.388241 107.058961 120.948082
1949 1.606056 1.754627 1.059316 120.281193 114.189220 48.278429
1950 1.494390 1.583205 0.940063 114.414615 155.502991 8.980325
1951 1.537533 1.507870 1.023142 112.985040 152.483739 72.199375
1952 1.664488 1.720567 0.877439 126.631694 147.585373 8.749197
1953 1.431349 1.573783 0.942263 124.440474 159.741837 157.246356
1954 1.578751 1.630260 0.980509 111.470188 144.161738 4.676136
1955 1.461929 1.517267 1.034782 114.869092 131.056159 167.345779
1956 1.400244 1.580623 0.958179 122.216423 105.510935 165.759369
1957 1.427426 1.732922 1.076870 116.272798 133.560577 36.609074
1958 1.548941 1.550597 0.878773 109.241493 136.556668 104.431955
1959 1.572224 1.843550 0.866016 106.112130 135.261905 146.562026
1960 1.515865 1.762812 0.857683 131.053124 104.461475 146.068204
1961 1.547667 1.702111 1.055841 114.316562 139.371388 20.967711
1962 1.376757 1.477533 1.054540 107.409284 102.382471 32.894055
1963 1.496095 1.527084 0.998989 113.826016 122.947915 69.004091
1964 1.447546 1.630228 0.963786 112.528574 99.212313 12.729737
1965 1.451221 1.655397 0.843334 120.820126 134.794071 173.773107
1966 1.488821 1.620035 0.909435 118.819469 99.388437 16.411292
1967 1.501711 1.570077 0.989431 115.639890 106.577245 48.060342
1968 1.351667 1.625528 1.053697 107.787562 139.777476 96.637263
1969 1.625213 1.674678 0.947620 123.948083 140.616573 37.701101
1970 1.597283 1.522260 1.043661 114.416671 109.816118 114.228537
1971 1.453207 1.649020 1.017307 114.367253 139.025598 170.126579
1972 1.506072 1.605522 1.007759 111.621598 136.176988 73.962383
1973 1.438728 1.486081 0.953293 110.963594 130.229421 141.361300
1974 1.440925 1.720154 0.943609 107.622507 64.667298 175.560692
1975 1.432564 1.718634 0.977818 103.380436 137.955990 163.045544
1976 1.546839 1.510470 0.972557 97.150163 135.995743 29.014626
1977 1.462359 1.455653 0.957588 121.363700 127.529970 126.186534
1978 1.745119 1.597571 0.925823 117.645593 122.288561 173.332999
1979 1.601439 1.738917 0.999743 112.151414 119.599951 169.273042
1980 1.393623 1.627211 0.999754 131.929070 93.869551 108.177722
1981 1.478755 1.700619 0.983001 125.717041 86.507456 56.189040
1982 1.499502 1.436104 0.961321 110.004653 137.813270 43.067751
1983 1.443147 1.661489 0.864268 129.741857 99.424134 45.624789
1984 1.525831 1.621476 0.951781 121.740849 121.283416 147.570314
1985 1.489092 1.777086 0.948195 116.618778 120.698290 10.156834
1986 1.589529 1.569498 0.876160 97.994588 129.446075 32.918859
1987 1.500481 1.607782 1.082103 111.827566 108.396389 6.628334
1988 1.512515 1.614759 1.027856 99.541721 104.897458 47.626119
1989 1.469705 1.792056 1.018890 104.607852 92.021152 97.381790
1990 1.400093 1.534147 1.032110 109.319655 112.855659 144.698299
1991 1.457403 1.593262 1.110682 91.338051 103.841938 125.782903
1992 1.550584 1.605731 1.028909 113.054935 120.348707 170.911729
1993 1.413899 1.787558 0.991491 107.384286 104.391083 38.972044
1994 1.491097 1.656463 1.021961 107.747647 157.938405 31.502108
1995 1.497891 1.642059 0.992448 114.880227 129.567342 175.183181
1996 1.439805 1.553903 0.970536 126.815699 116.736977 12.025098
1997 1.602981 1.680296 0.936531 102.801395 174.035916 43.484121
1998 1.520547 1.603096 1.045365 110.618492 95.130129 19.838707
1999 1.430708 1.698478 0.991001 120.910452 94.092338 7.070516
2000 1.435678 1.645388 1.103956 117.078302 104.901598 29.934732
2001 1.472927 1.733616 1.133667 113.972838 114.018184 145.648691
2002 1.472619 1.551866 0.962447 107.111139 116.890107 138.715225
2003 1.538289 1.649021 0.907979 98.197249 82.571881 103.643758
2004 1.525949 1.614880 0.930909 128.033270 137.067900 28.699925
2005 1.431563 1.609550 0.902606 116.253162 123.721169 119.381485
2006 1.400138 1.704237 1.032880 125.877951 100.919554 124.067015
2007 1.505792 1.468427 0.882222 103.681239 120.002105 121.536863
2008 1.410152 1.851971 1.066088 106.650794 146.230481 81.450906
2009 1.647540 1.717007 0.937678 118.138224 136.837054 166.343096
2010 1.461119 1.607989 0.923453 107.102398 129.587766 152.672123
2011 1.379570 1.646952 1.027178 133.124244 113.892902 94.271750
2012 1.464272 1.730770 1.029531 117.620251 119.602757 73.270436
2013 1.594456 1.529693 0.971831 117.927063 124.287114 117.918944
2014 1.484493 1.928660 0.920080 117.810567 128.244667 137.989836
2015 1.503377 1.613097 0.926611 108.606333 124.161980 92.004452
2016 1.358611 1.557019 0.963503 107.434024 112.671116 128.853434
2017 1.478370 1.522258 0.936860 99.744199 87.244558 169.775342
2018 1.650026 1.474739 0.977251 110.016252 89.434745 9.935870
2019 1.522725 1.682996 0.956378 104.866533 95.440831 145.788556
2020 1.464664 1.635914 0.999310 108.890666 125.447429 155.379823
2021 1.615479 1.646092 1.053176 119.107167 154.983952 13.956893
2022 1.500790 1.600582 0.981388 97.010701 143.904998 10.336382
2023 1.444408 1.465495 1.037057 98.284730 134.348837 175.521039
2024 1.391662 1.931181 0.969986 110.192123 127.912172 1.532948
2025 1.552929 1.618721 1.030334 96.553058 161.820307 0.019124
2026 1.612798 1.637972 0.999359 121.220732 107.193043 86.098134
2027 1.337722 1.474550 1.018832 147.946739 109.298315 88.184151
2028 1.467157 1.464085 0.907348 103.644612 138.474895 165.241926
2029 1.472826 1.531384 1.034417 114.782324 120.728919 30.941751
2030 1.426173 1.701910 0.908332 112.597419 100.956052 5.460155
2031 1.450606 1.575072 0.989877 121.603447 102.982104 51.843951
2032 1.538210 1.559798 0.883147 94.623340 121.411721 23.057455
2033 1.486634 1.417731 0.986693 127.155550 89.091665 13.334742
2034 1.486276 1.694261 0.935639 106.727877 106.317187 66.100759
2035 1.538316 1.734407 0.883558 106.824484 132.931042 42.173350
2036 1.418740 1.590859 0.924356 108.997821 115.143390 34.157478
2037 1.576474 1.506098 1.006184 109.621962 93.499726 37.839063
2038 1.465396 1.658254 0.949744 116.008305 107.929898 93.516884
2039 1.450425 1.598397 0.947376 104.581556 124.255018 15.709291
2040 1.440429 1.754457 0.951309 104.804757 155.214252 173.435332
2041 1.499642 2.042290 0.969503 122.514163 131.702514 118.256887
2042 1.409322 1.818735 1.003251 113.384725 153.590581 26.969853
2043 1.594163 1.586982 0.877205 109.078035 100.935505 18.944333
2044 1.409512 1.582744 0.995082 122.920406 112.358912 144.333815
2045 1.468243 1.792739 0.988558 117.847605 110.645084 38.061196
2046 1.428200 1.729402 0.969081 110.237299 118.034413 52.040039
2047 1.553862 1.690917 0.965924 115.537002 100.199556 24.321074
2048 1.477244 1.787756 1.013633 108.784658 113.119373 169.370764
2049 1.507315 1.852878 0.891936 119.482675 127.257400 159.568522
2050 1.481703 1.552419 0.967931 112.718750 146.871714 149.084743
2051 1.419857 1.616507 0.953279 106.664462 131.524354 103.253454
2052 1.487458 1.764932 0.976384 106.013943 96.741237 122.690017
2053 1.421176 1.601036 0.999527 125.117763 111.736182 112.385606
2054 1.495596 1.626812 0.992777 102.057268 104.956453 23.081281
2055 1.601615 1.557127 0.978530 106.605578 103.827801 148.101751
2056 1.433192 1.543471 0.934503 111.598029 99.865232 55.996721
2057 1.511516 1.586752 1.099157 115.774645 129.167211 8.143949
2058 1.574347 1.759404 0.972660 115.722291 108.762031 151.323476
2059 1.536696 1.659453 0.943518 110.619474 139.771394 76.356893
2060 1.508000 1.591147 0.911562 124.255519 127.452770 131.651134
2061 1.420294 1.688900 0.834564 128.801774 115.707544 167.421478
2062 1.454655 1.663622 1.030860 115.016688 122.896056 39.315078
2063 1.379331 1.532291 1.010890 107.397200 97.872763 15.766941
2064 1.425043 1.589883 0.967981 115.394532 129.702370 157.600050
2065 1.557283 1.595091 0.948724 99.298343 123.041561 138.491597
2066 1.367320 1.579247 0.924848 97.672252 88.072441 4.309205
2067 1.472259 1.652454 1.026343 112.059001 142.375062 164.921488
2068 1.472645 1.581369 1.031180 115.693882 154.449292 60.855541
2069 1.399447 1.917393 0.939637 115.799557 139.258434 16.381046
2070 1.404774 1.762448 0.989459 125.760115 121.024869 13.931862
2071 1.617452 1.710837 0.985032 117.622097 104.157155 8.071630
2072 1.576877 1.720150 1.015856 106.146614 118.858457 149.884556
2073 1.540029 1.617906 1.047577 109.977823 144.429251 56.525777
2074 1.506905 1.624865 0.913653 106.021533 111.753454 153.851151
2075 1.462893 1.499411 1.005020 105.488570 141.429400 129.353316
2076 1.468894 1.606073 1.097860 107.188246 87.880856 76.929358
2077 1.493070 1.567871 1.055202 125.876927 162.819739 132.014896
2078 1.447099 1.430812 0.910938 108.377830 106.823036 1.683953
2079 1.525626 1.597031 0.939941 119.117549 144.778066 164.883885
2080 1.394147 1.548311 0.883817 136.017486 147.567863 85.905470
2081 1.527843 1.698499 0.871269 102.255193 127.603922 0.612264
2082 1.550696 1.526133 0.945630 118.457689 115.137331 79.770306
2083 1.426497 1.521845 0.964531 108.059304 84.547880 157.948016
2084 1.435964 1.636459 0.933501 130.422881 115.688240 12.883631
2085 1.582420 1.490803 1.037362 116.700738 119.336550 131.103950
2086 1.587356 1.660849 1.083280 106.963869 173.173650 86.164458
2087 1.410060 1.586870 1.292612 121.892595 127.421225 130.003697
2088 1.413991 1.681065 0.975743 106.371444 90.228992 163.324839
2089 1.490960 1.547150 0.958674 101.905749 156.810697 176.074129
2090 1.402928 1.910081 1.049378 131.092647 177.372302 121.269940
2091 1.441602 1.796753 1.081134 119.010346 111.203378 14.077542
2092 1.622654 1.675699 1.066855 121.566401 127.113757 84.052289
2093 1.347454 1.394392 1.170430 118.584570 118.161094 57.860080
2094 1.492888 1.794935 0.891034 95.000419 143.456678 14.797128
2095 1.424727 1.557677 0.922824 124.916851 120.584238 8.967779
2096 1.466663 1.590824 0.911018 112.356524 119.012547 132.522428
2097 1.522642 1.534995 1.062008 100.949157 112.917429 156.721549
2098 1.386832 1.709060 0.991662 115.370843 116.324855 121.162150
2099 1.508941 1.710148 0.931384 118.988177 120.802160 117.800864
2100 1.498753 1.699081 0.986843 100.385631 134.505490 165.985239
2101 1.490008 1.832155 1.024423 108.560670 150.574557 95.965285
2102 1.601358 1.542759 0.950607 129.136236 103.681623 173.141977
2103 1.583440 1.646924 1.003143 111.428276 101.944212 176.223815
2104 1.560441 1.668930 1.027859 109.633111 118.784658 160.908408
2105 1.522789 1.534825 1.001067 116.914137 117.687592 17.424661
2106 1.596898 1.694019 0.969575 113.208157 109.980894 17.131740
2107 1.468502 1.490415 1.004856 139.697705 98.575746 30.295494
2108 1.452008 2.030227 0.993611 99.118833 97.063333 81.538208
2109 1.434283 1.687917 1.007021 107.217975 124.358527 29.782605
2110 1.397031 1.416306 1.159452 116.709236 138.626513 31.349483
2111 1.357759 1.631582 0.894793 105.890431 99.077259 111.276666
2112 1.387062 1.507395 1.026416 112.270624 100.106329 55.356209
2113 1.609629 1.528276 0.852190 111.020277 103.677796 170.554485
2114 1.414811 1.535640 0.899254 123.120468 136.931343 40.642337
2115 1.434102 1.466495 0.866304 100.179807 96.235949 22.197634
2116 1.391528 1.722741 0.936286 135.586931 91.100034 11.926569
2117 1.405200 1.632425 1.250893 100.171177 102.638484 27.518971
2118 1.610240 1.640131 1.154551 110.728667 173.916590 175.496063
2119 1.462057 1.539999 1.140512 111.955640 112.677891 12.642630
2120 1.363528 1.599510 1.041196 104.961401 137.747132 129.392501
2121 1.542207 1.546892 0.967612 115.437535 109.337065 0.527555
2122 1.546927 1.704239 1.069338 113.357149 139.971504 20.460284
2123 1.579743 1.646275 0.981100 110.151480 133.174606 172.246185
2124 1.415339 1.859320 0.937888 118.323409 121.045368 126.156215
2125 1.530738 1.833518 0.941121 97.674260 128.739725 134.180414
2126 1.479903 1.756351 0.924366 102.615966 107.319943 154.145899
2127 1.522509 1.609634 1.228475 100.906498 147.759091 27.754688
2128 1.414685 1.535564 0.928723 121.827926 124.655464 166.876195
2129 1.429743 1.647339 0.963351 107.687728 99.860003 21.573168
2130 1.479679 1.640410 0.954941 106.178302 105.560862 70.054425
2131 1.475289 1.511265 0.947112 111.839323 156.931324 121.300607
2132 1.377165 1.655028 1.152787 101.535616 113.451986 30.428871
2133 1.461774 1.555998 0.944473 103.913939 92.134656 144.710339
2134 1.610128 1.634979 1.171510 99.980411 153.569575 66.067656
2135 1.614353 1.403480 1.161903 109.999593 119.010567 155.748635
2136 1.522983 1.659892 1.013743 103.591918 133.539729 87.604387
2137 1.567633 1.630082 0.961247 122.507400 113.978851 95.495598
2138 1.477926 1.643496 0.978765 109.655822 139.419427 38.493527
2139 1.427440 1.661538 1.019874 110.214974 107.314042 120.137915
2140 1.473766 1.453438 1.016798 103.190031 129.246995 50.866908
2141 1.537400 1.514960 0.977836 130.201203 107.020679 135.368125
2142 1.573591 1.720285 1.049479 114.048491 131.597758 66.797119
2143 1.525853 1.885722 1.053187 116.504853 120.975499 164.619423
2144 1.427536 1.583540 0.943095 102.290109 97.244539 138.342896
2145 1.424052 1.622218 0.959842 113.869239 155.469627 25.158890
2146 1.364195 1.601026 0.932767 109.573753 117.781402 163.714728
2147 1.586543 1.755870 0.863974 105.826641 128.913978 4.579260
2148 1.481997 1.738474 0.957738 106.708486 153.201742 12.191636
2149 1.460204 1.480981 1.015712 121.515535 108.329533 28.670246
2150 1.512235 1.540504 0.985400 107.822135 108.473012 156.288244
2151 1.320562 1.571000 0.971279 113.456516 148.872684 135.281652
2152 1.424514 1.876953 0.922191 124.514524 152.978192 45.444635
2153 1.442849 1.601747 0.961308 106.694010 115.137331 46.869327
2154 1.530295 1.704194 0.956810 111.198867 117.203815 147.199012
2155 1.455750 1.877224 1.044933 96.433961 112.088597 121.989517
2156 1.467799 1.819464 1.028557 107.243792 108.223024 64.127159
2157 1.528945 1.650980 1.023308 93.208311 99.767868 167.246203
2158 1.427246 1.552962 1.168909 112.729122 171.402918 162.952152
2159 1.501932 1.527504 0.956711 110.504300 101.427376 95.246182
2160 1.450711 1.596666 0.908309 115.956627 113.182112 178.788998
2161 1.546211 1.853180 1.139952 104.302248 168.145800 84.261646
2162 1.544265 1.437798 0.938460 91.773587 145.991988 79.132636
2163 1.488371 1.686061 0.868350 116.280319 111.335486 27.334637
2164 1.348302 1.709465 1.086843 101.268387 105.989955 81.222279
2165 1.529283 1.637925 0.939513 101.344805 102.924093 37.483165
2166 1.468356 1.842121 0.924495 109.421609 100.767357 100.850755
2167 1.433559 1.893719 0.963928 96.683690 95.345755 28.979143
2168 1.530405 1.510285 0.952762 112.958591 146.548384 18.644941
2169 1.448141 1.555721 0.973316 107.148392 104.846942 45.963337
2170 1.545951 1.508084 0.959279 100.616823 138.992654 36.778432
2171 1.565531 1.539127 0.955890 101.298226 110.435538 178.642513
2172 1.531531 1.627131 0.937607 111.633022 121.549784 52.919310
2173 1.540478 1.395185 0.919443 114.195153 131.919018 161.747119
2174 1.391904 1.536657 1.022760 114.946333 113.441741 24.689866
2175 1.427506 1.623662 1.041923 115.061234 151.722880 166.055143
2176 1.425059 1.610196 1.118903 93.594507 103.841194 121.200024
2177 1.416845 1.595180 1.043596 151.553548 111.797004 29.228515
2178 1.474690 1.584443 0.969103 112.546091 104.214774 70.313937
2179 1.494809 1.521239 1.045551 111.085828 129.233796 159.368922
2180 1.413606 1.587903 0.955365 121.318551 139.951974 169.781556
2181 1.485891 1.456850 0.902633 121.653547 164.109296 2.086274
2182 1.395499 1.642432 0.904498 116.581196 113.934046 101.627321
2183 1.519092 1.520535 0.908861 104.544995 132.152716 53.689271
2184 1.486729 1.796140 1.022385 99.440350 120.072413 169.347227
2185 1.429165 1.556344 1.060581 102.569151 163.889799 161.250885
2186 1.452021 1.502427 1.094504 116.294080 89.753543 31.098431
2187 1.509640 1.716104 0.991901 102.576139 92.307875 149.639911
2188 1.460071 1.633893 0.968265 117.760970 117.777894 10.833966
2189 1.638307 1.594415 1.141714 105.324770 88.658561 142.103173
2190 1.534953 1.683183 0.922367 117.617923 176.753892 21.333854
2191 1.442785 1.599088 1.184309 104.534742 126.060214 153.212104
2192 1.521810 1.754195 1.108594 112.599927 102.411863 24.543347
2193 1.455566 1.635059 1.161294 111.410575 130.732018 112.874285
2194 1.406311 1.669765 1.020667 121.379989 132.429831 157.842669
2195 1.442992 1.502507 1.054526 110.318883 130.186080 86.353414
2196 1.588807 1.735241 0.928884 111.748805 129.738436 136.661204
2197 1.611563 1.789198 1.025269 109.016195 122.694377 114.251065
2198 1.439779 1.609260 1.077017 118.623367 112.980881 165.298966
2199 1.454502 1.682665 0.969298 98.719102 105.374457 25.188968
2200 1.426142 1.411951 0.990642 106.421515 103.637435 18.446917
2201 1.491622 1.692002 0.887116 100.555654 115.110336 62.852889
2202 1.505557 1.454243 1.064934 114.964893 142.284827 21.341072
2203 1.440705 1.386972 0.969745 100.351414 125.609480 16.201982
2204 1.526651 1.524820 0.876356 111.811825 95.874094 79.294938
2205 1.383798 1.936914 0.996390 125.145361 175.110897 55.056564
2206 1.406448 1.716646 1.033139 102.532261 168.564688 24.718593
2207 1.518179 1.696946 0.948667 128.719061 106.230651 85.537816
2208 1.453092 1.553508 0.856434 93.435948 104.847196 102.075915
2209 1.430387 1.716105 1.058026 102.045486 118.101523 179.170859
2210 1.492072 1.769831 0.913826 104.987235 135.589622 30.662410
2211 1.565299 1.510693 1.031352 109.661547 133.750058 4.500296
2212 1.463771 1.484854 1.084431 104.422927 91.188485 144.138247
2213 1.346785 1.567815 0.862973 116.493788 140.109805 22.431759
2214 1.449370 1.669685 0.909489 124.284304 82.705210 148.782916
2215 1.460812 1.565553 0.981449 116.744398 107.387085 25.710498
2216 1.547857 1.722846 1.000710 104.189906 128.178815 121.628006
2217 1.545920 1.544866 0.920938 112.966556 100.133380 60.898152
2218 1.430806 1.532971 0.876849 110.358345 141.404495 172.424551
2219 1.476270 1.744581 1.016160 124.682675 118.989359 16.872910
2220 1.430207 1.528770 0.926556 121.964173 142.786724 155.495653
2221 1.472444 1.585087 0.910320 115.675692 95.477839 125.627913
2222 1.382355 1.632308 0.982264 133.849009 164.194672 146.368866
2223 1.545407 1.564020 0.939493 127.531849 166.105887 54.385683
2224 1.487715 1.523912 0.890208 113.149862 129.057749 154.441668
2225 1.410474 1.672743 0.967658 109.103957 176.658866 137.830560
2226 1.383868 1.503953 1.050847 103.605103 133.191062 55.071695
2227 1.493426 1.583949 0.977775 111.226856 145.121504 3.980514
2228 1.470553 1.636017 1.166608 115.943175 90.043487 63.090295
2229 1.413346 1.578772 0.841000 120.327864 96.000770 41.847716
2230 1.459633 1.832938 0.910839 113.111437 99.829690 0.826585
2231 1.513377 1.435080 1.036643 113.803293 100.325944 5.437332
2232 1.661719 1.708600 1.068571 108.333069 143.978155 23.387098
2233 1.505363 1.554444 1.003648 118.478681 116.738771 112.200977
2234 1.357571 1.830845 1.008682 122.629313 102.791968 93.613744
2235 1.478688 1.697315 1.129972 130.449873 151.291565 124.208155
2236 1.588588 1.706787 0.940774 107.971442 121.284990 179.757359
2237 1.444171 1.657689 0.989857 101.645711 161.618827 125.013509
2238 1.617430 1.621843 1.103368 105.231274 107.471150 175.567558
2239 1.416795 1.830583 0.986131 102.186084 133.217445 30.037964
2240 1.521053 1.513544 0.996126 115.771857 105.804646 15.829374
2241 1.519820 1.778178 1.003625 119.116081 136.560889 50.373755
2242 1.471173 1.786529 0.985564 107.715474 103.288565 36.126928
2243 1.520252 1.724950 0.960726 113.052492 97.195572 110.674902
2244 1.505499 1.624803 1.169823 112.979082 117.596723 31.494663
2245 1.349951 1.657933 0.898474 103.395832 95.568417 145.166885
2246 1.492017 1.632803 1.027293 110.307944 108.336945 134.844371
2247 1.528781 1.551833 1.067458 112.700869 134.120556 57.314547
2248 1.546593 1.788681 0.936675 98.735478 93.322181 40.014504
2249 1.567146 1.546832 0.984883 129.422919 134.198627 46.470358
2250 1.473052 1.580365 0.916076 98.951324 122.594832 36.148335
2251 1.456425 1.850053 1.170736 102.465041 107.502181 14.251727
2252 1.468043 1.549751 0.949560 98.869820 128.013591 134.178664
2253 1.545780 1.563318 1.006835 104.771017 135.329042 107.735230
2254 1.403263 1.613478 0.947724 110.850762 136.083996 32.410880
2255 1.437757 1.635417 0.949743 93.365683 104.579591 178.343471
2256 1.549765 1.577475 0.870931 112.884151 144.795570 175.072982
2257 1.366654 1.538926 0.902468 118.999568 115.120848 40.431603
2258 1.476026 1.517324 0.919753 111.074081 107.162346 116.140990
2259 1.457365 1.798906 0.951235 119.866662 108.487270 161.076596
2260 1.458669 1.733529 0.986346 117.819163 129.437307 156.705188
2261 1.597708 1.603690 0.936043 119.572923 119.851615 56.337897
2262 1.495434 1.599791 1.047735 109.977046 115.719908 25.238699
2263 1.549152 1.846888 0.921680 116.028328 98.663027 104.402021
2264 1.607372 1.639246 0.921159 126.857079 135.844788 62.346222
2265 1.506536 1.489850 0.864444 108.904897 124.616074 37.453593
2266 1.500056 1.701773 0.963982 107.473415 147.831674 111.395410
2267 1.459838 1.715664 0.915787 110.876524 126.935826 151.616304
2268 1.553196 1.626422 0.934248 117.889918 121.283685 147.654518
2269 1.421353 1.433675 1.119990 123.009322 102.723523 17.320029
2270 1.391914 1.671313 0.959175 100.272737 78.764004 105.742964
2271 1.485827 1.568099 1.026876 135.989704 110.467411 49.768535
2272 1.424255 1.617544 1.001002 104.268526 100.919566 156.552476
2273 1.478575 1.743790 0.994276 110.698489 107.388154 36.632388
2274 1.576774 1.594974 0.922414 108.011821 105.487426 125.299542
2275 1.533835 1.934722 1.107990 110.207896 119.653004 6.370247
2276 1.443700 1.571165 1.017341 107.265525 131.758352 22.043915
2277 1.467011 1.686340 0.916797 112.047888 103.509889 18.560161
2278 1.448270 1.558077 0.973497 120.446266 113.230300 118.997452
2279 1.472485 1.776381 1.181722 104.770161 119.139197 32.692145
2280 1.558557 1.531739 0.986395 134.481148 109.462466 102.551841
2281 1.603315 1.770144 1.041786 117.539517 128.482600 174.789317
2282 1.535691 1.744010 0.998939 109.790753 102.878580 153.906227
2283 1.472176 1.733069 0.982262 109.773987 108.428564 17.444389
2284 1.439245 1.566082 0.959906 111.749668 102.880253 82.123849
2285 1.446973 1.729665 0.842871 106.116472 115.749434 105.960333
2286 1.481147 1.439976 0.956005 118.773097 140.352976 89.308130
2287 1.374371 1.658506 1.056474 110.084281 102.321680 5.139364
2288 1.356714 1.522842 1.054496 112.892697 113.398684 51.618470
2289 1.433185 1.685543 0.983355 115.773674 171.250465 174.866318
2290 1.460266 1.636863 0.893507 126.777356 161.177133 174.757925
2291 1.497357 1.493475 1.136688 128.104662 106.109228 56.383148
2292 1.463810 1.787222 0.983514 105.974181 118.783508 93.992926
2293 1.449928 1.850548 0.938221 111.860651 96.681963 164.544766
2294 1.475950 1.933900 0.988081 101.177562 138.021959 33.341686
2295 1.445279 1.542031 0.966740 103.660722 135.779023 37.091389
2296 1.582063 1.521283 0.947540 105.666077 151.970707 20.599810
2297 1.487131 1.802443 0.936872 110.614234 94.390364 176.701007
2298 1.493319 1.606320 0.992231 136.609659 102.055952 135.587372
2299 1.556645 1.609960 0.901659 104.495432 143.304206 111.360868
2300 1.434006 1.463737 1.097454 110.294536 136.113687 134.538036
2301 1.530167 1.553660 1.144850 128.811746 152.581154 10.237967
2302 1.494213 1.594809 1.030541 109.632930 136.789127 46.064968
2303 1.425232 1.651370 1.083776 108.445379 98.160694 14.146733
2304 1.532896 1.586802 1.031969 99.240479 110.267099 32.723441
2305 1.457971 1.672125 1.040877 109.670493 105.545792 76.614741
2306 1.585836 1.599065 0.951222 118.553469 87.671601 17.085010
2307 1.511512 1.708021 0.870772 115.436772 123.233970 14.320815
2308 1.496273 1.856729 0.973546 97.604676 115.003771 115.475173
2309 1.484547 1.738677 1.021015 96.841914 162.835859 155.615351
2310 1.464849 1.671964 0.968711 127.335391 125.372554 38.443823
2311 1.443648 1.860846 0.949978 108.976701 129.780689 166.830167
2312 1.425961 1.473322 0.973627 103.098860 139.181103 141.619523
2313 1.542424 1.666921 1.051898 107.296306 111.305512 69.017272
2314 1.522047 1.532177 0.987765 105.485911 116.850044 28.412306
2315 1.414402 1.969910 0.944463 114.891576 103.987258 139.762512
2316 1.496350 1.531354 1.088317 114.859615 161.846353 6.814148
2317 1.530526 1.583666 1.000775 112.634777 87.610244 107.644218
2318 1.502193 1.929283 0.874137 97.391107 90.362886 92.744969
2319 1.508546 1.577188 0.972702 131.346884 101.095158 64.232287
2320 1.544102 1.595869 1.138598 113.037838 97.234516 95.235641
2321 1.418206 1.666259 1.064525 106.428547 123.954769 33.990436
2322 1.428528 1.631481 0.926353 108.621384 112.620199 73.501535
2323 1.488588 1.729966 0.981923 102.675589 110.073845 172.454857
2324 1.605182 1.533007 0.962368 127.479292 156.851200 7.516228
2325 1.477400 2.201587 0.969181 116.985999 96.596586 4.443040
2326 1.475955 1.724954 0.918712 105.357173 111.390135 148.860833
2327 1.476816 1.467153 0.971621 108.138983 111.065003 174.159410
2328 1.617108 1.501111 1.050167 113.884771 117.072541 94.384749
2329 1.518983 1.473439 1.036405 106.433011 176.609912 151.131941
2330 1.585289 1.587649 1.082100 122.780282 129.682079 172.795916
2331 1.403781 1.686008 0.947937 103.775226 126.421457 14.945053
2332 1.466282 1.469534 0.869159 126.734269 94.936322 145.703433
2333 1.446579 1.616972 1.089365 111.611321 132.007106 156.037019
2334 1.426683 1.949043 0.909180 108.781061 142.703793 160.360351
2335 1.458740 1.720665 0.926571 107.943621 119.956323 113.724016
2336 1.495165 1.553098 0.980444 123.499760 107.838382 133.659719
2337 1.518586 1.725251 0.996732 145.777972 111.001560 94.595765
2338 1.454868 1.407120 1.027441 107.557717 102.669786 172.753725
2339 1.397945 1.601914 0.945976 111.820877 113.260140 173.475798
2340 1.576003 1.592803 0.948898 108.729610 115.424666 177.818504
2341 1.436591 1.562946 1.039300 111.936353 106.194806 17.454305
2342 1.550825 1.541633 0.968726 117.568950 169.386567 21.625097
2343 1.564903 1.611354 0.960254 104.949071 133.930976 61.728480
2344 1.655130 1.682172 1.085799 92.034618 128.616677 46.445643
2345 1.555124 1.506247 0.914315 118.090563 122.925763 72.139380
2346 1.508131 1.507664 0.943648 124.469292 118.431208 5.268244
2347 1.391525 1.742369 0.953089 126.771189 120.388550 40.990184
2348 1.469776 1.448086 1.053407 132.849445 90.447096 62.657207
2349 1.409479 1.620574 0.954318 111.337961 102.592957 55.071101
2350 1.532596 1.724470 1.018034 118.012556 96.033260 173.982795
2351 1.542528 1.539847 0.954081 113.542939 119.459317 112.495302
2352 1.495747 1.625429 0.951003 109.393008 119.100265 10.166333
2353 1.516946 1.585353 1.046195 105.470935 130.022579 74.213379
2354 1.556351 1.612977 0.906399 117.353998 91.675470 109.510281
2355 1.456407 1.705897 0.951451 107.572533 116.939314 61.805217
2356 1.458323 1.532071 0.966888 112.206032 162.898283 172.717016
2357 1.447501 1.615924 0.924016 108.090985 98.907692 164.567239
2358 1.583366 1.664533 0.940695 107.908404 134.430847 80.100365
2359 1.406912 1.536310 0.968221 105.809918 122.646804 147.751742
2360 1.547788 1.439928 1.002230 103.209727 117.033392 8.074637
2361 1.580083 1.732508 0.952242 128.425083 156.418271 113.847399
2362 1.546494 1.456063 1.070115 107.222215 92.879775 11.487565
2363 1.508804 1.561795 1.023126 103.211214 112.687511 179.766903
2364 1.402142 1.822193 1.007303 110.569509 102.535640 10.984808
2365 1.415045 1.638765 0.935652 97.482490 147.813274 41.219226
2366 1.375948 1.839306 0.946789 99.650273 128.317872 126.259244
2367 1.477399 1.558346 0.948087 116.599166 136.929833 176.199151
2368 1.473744 1.696046 0.954823 122.028441 112.104492 50.116644
2369 1.333427 1.611902 0.975290 103.839077 115.880903 19.610973
2370 1.478236 1.475326 1.066854 100.258356 168.458313 9.161337
2371 1.393659 1.596571 0.887626 114.053027 142.426554 156.214009
2372 1.380494 1.706890 0.957577 115.388428 121.382478 71.110927
2373 1.403223 1.619424 0.907755 118.954135 120.553768 7.863265
2374 1.420681 1.487855 1.088257 100.263887 103.064904 1.563830
2375 1.593379 1.615689 0.979934 133.294261 146.879235 137.490287
2376 1.552289 1.488725 0.916159 108.899911 116.385150 162.608399
2377 1.496534 1.601316 0.856682 112.807472 100.706965 20.152523
2378 1.450045 1.534144 1.037739 103.103188 122.300490 5.307558
2379 1.478332 1.625323 0.992082 104.921025 113.292880 39.358797
2380 1.388705 1.718541 0.940266 107.681363 127.658713 10.255157
2381 1.515399 1.620758 1.086078 115.515440 99.567501 166.924630
2382 1.444904 1.917638 1.142991 116.109595 90.172669 146.709663
2383 1.401255 1.676375 0.945700 104.501895 108.879418 129.060052
2384 1.474514 1.623510 0.867274 109.824628 127.082809 150.979928
2385 1.554790 1.743174 0.915851 103.048273 109.173520 164.590953
2386 1.356180 1.655698 1.008559 123.779834 157.984469 164.720509
2387 1.481187 1.651329 1.020306 109.998691 81.222516 52.969472
2388 1.434687 1.830992 1.001358 114.949916 144.204588 50.353640
2389 1.347136 1.813220 0.920251 102.013876 92.998814 155.144096
2390 1.540213 1.623178 1.085464 112.435693 74.983434 6.653013
2391 1.465496 1.596093 1.009524 105.447501 155.899390 107.302695
2392 1.398352 1.445839 1.005027 113.711111 99.807228 3.236822
2393 1.433433 1.482715 0.879936 111.196530 155.658330 60.620351
2394 1.397512 1.582388 0.905850 121.068144 101.045993 156.111935
2395 1.363702 1.623029 0.975062 114.365800 110.436916 17.917477
2396 1.394601 1.848014 0.914132 109.110493 153.574665 152.388870
2397 1.420565 1.542862 0.954185 109.756647 134.539820 145.026084
2398 1.380420 1.838373 0.932558 98.331535 99.820450 83.314906
2399 1.528375 1.560175 0.887260 118.635188 103.132079 31.894249
2400 1.449091 1.439081 0.998940 100.464123 125.645204 45.204558
2401 1.532751 1.522294 0.945768 137.095391 94.050328 162.950607
2402 1.396194 1.575581 0.922661 97.848578 130.841465 130.946424
2403 1.694579 1.730336 0.934070 132.382876 107.049986 57.849203
2404 1.454187 1.789326 0.956951 117.566933 116.954813 119.277926
2405 1.439075 1.606756 0.995207 122.663281 128.248247 132.950304
2406 1.445474 1.728611 0.978907 113.497343 167.442874 136.145171
2407 1.394029 1.476371 1.168123 111.300157 162.188026 29.141463
2408 1.455634 1.585093 1.060058 113.060737 105.751778 5.168660
2409 1.476953 1.638424 1.081551 107.984164 114.419373 1.371816
2410 1.532996 1.498772 0.955252 118.635656 126.178115 7.364983
2411 1.422502 1.944837 0.983373 111.919038 117.463219 15.587637
2412 1.594120 1.585338 0.911349 115.572938 177.502920 8.259270
2413 1.418200 1.723056 1.040119 90.698401 93.418491 12.537373
2414 1.433769 1.636665 1.026392 96.592412 114.876973 169.587337
2415 1.668866 1.394310 1.037728 107.233305 176.002711 163.958117
2416 1.504686 1.566093 1.032848 101.355621 107.299279 43.192698
2417 1.401263 1.777129 1.030890 109.361945 101.494280 14.435654
2418 1.536863 1.464759 0.925466 108.992073 116.474422 147.748953
2419 1.447400 1.556490 1.023302 106.048937 111.426372 103.842613
2420 1.465888 1.942620 0.930390 121.389237 109.097920 167.314995
2421 1.541927 1.679081 1.020314 140.779796 123.534066 90.820861
2422 1.658038 1.580836 0.947722 111.869606 153.826332 83.615512
2423 1.478478 1.569214 0.944358 111.985958 133.909538 27.956057
2424 1.478968 1.673304 1.050099 103.782887 145.465510 167.585608
2425 1.507904 1.666324 1.066545 115.406687 100.993278 63.149848
2426 1.454183 1.663815 0.959545 111.536530 113.317394 47.212246
2427 1.527534 1.682246 0.909967 115.798442 148.555142 69.239758
2428 1.566757 1.691036 0.971612 125.666134 84.132862 31.363641
2429 1.543165 1.703393 0.921397 126.060743 104.203195 20.784563
2430 1.401454 1.582368 0.981934 113.228082 114.653115 1.861504
2431 1.486377 1.895761 1.020518 105.372952 110.756719 126.882712
2432 1.463476 1.640522 1.088064 122.297382 124.021902 99.751229
2433 1.470189 1.773665 1.088908 100.250053 128.615368 103.598424
2434 1.394601 1.622205 1.131351 102.503632 128.032436 23.078351
2435 1.468859 1.501741 1.027856 111.222954 105.729476 8.537135
2436 1.539179 1.588930 0.945145 114.646863 112.856839 135.079243
2437 1.443007 1.572804 0.960395 126.933287 106.417939 12.114003
2438 1.552884 1.660219 0.969464 108.210980 115.810120 59.251866
2439 1.413265 1.702130 1.025857 100.643223 101.976449 63.638198
2440 1.535696 1.609965 0.921097 107.878802 108.325101 3.405499
2441 1.543548 1.717431 0.983446 114.973350 95.609830 106.472170
2442 1.477750 1.555089 0.955857 123.218678 105.286819 116.131134
2443 1.545152 1.595571 1.047251 108.281632 120.721534 31.402784
2444 1.517791 1.655207 0.899081 129.685368 129.840527 8.444236
2445 1.514796 1.698406 0.938196 117.574109 122.641397 78.708394
2446 1.496744 1.576313 0.965165 130.249223 89.209530 171.939898
2447 1.540211 1.566964 0.932516 101.150624 111.921098 151.994868
2448 1.387745 1.552149 0.951687 117.707663 133.581908 20.955198
2449 1.508430 1.595055 0.998225 129.346967 131.474140 16.974599
2450 1.442687 1.593753 1.002756 134.722063 97.029862 71.109112
2451 1.417529 1.592421 1.057326 113.928965 108.678337 105.470374
2452 1.521201 1.840661 1.140854 105.235171 78.962149 146.742938
2453 1.439327 1.760506 1.049157 116.006598 110.652266 7.356273
2454 1.571034 1.562731 0.966740 99.726128 113.856261 86.002275
2455 1.467551 1.546533 0.968413 118.395042 96.663966 31.311168
2456 1.331088 1.560231 0.951588 122.558434 144.653978 7.822300
2457 1.475941 1.565419 0.963842 109.010712 103.851156 168.156343
2458 1.445084 1.487407 0.982748 112.384795 108.069030 159.828400
2459 1.482376 1.692403 0.989653 99.387329 115.678560 35.374420
2460 1.479093 1.654727 0.925514 109.887356 83.959008 169.272586
2461 1.307728 1.589483 1.061576 99.565338 113.878168 69.561329
2462 1.543950 1.747833 0.912523 105.294677 111.178346 50.676263
2463 1.458647 1.629841 0.878856 122.874194 101.671786 18.284622
2464 1.550352 1.612531 1.141221 117.778076 115.417864 21.355994
2465 1.421927 1.900850 0.942542 108.712882 126.268706 151.375350
2466 1.342386 1.624774 0.916207 109.572404 120.452266 108.436009
2467 1.476576 1.638303 1.121873 106.583011 119.906495 0.256505
2468 1.507258 1.618270 0.998936 117.964820 135.104935 36.897177
2469 1.450823 1.658997 1.057798 112.224828 105.148297 103.439736
2470 1.447751 1.610649 0.860308 117.437045 95.398244 167.949389
2471 1.601807 1.663478 0.881567 114.055806 107.476321 149.904579
2472 1.377363 1.695876 1.009632 128.946497 100.217050 3.842721
2473 1.401374 1.740918 1.046996 111.070376 125.128616 31.168061
2474 1.673410 1.688579 0.994470 92.833686 117.104022 82.357217
2475 1.513203 1.664982 1.131507 124.371998 99.323353 149.577703
2476 1.434953 1.761425 0.850642 101.665755 92.882064 16.778271
2477 1.464071 1.629859 1.013921 95.547436 134.065942 75.337381
2478 1.732010 1.713808 1.000947 109.914645 144.632819 25.164378
2479 1.521830 1.677938 0.981371 111.665936 121.841507 6.494051
2480 1.432391 1.768621 0.966300 108.928044 101.121010 158.482579
2481 1.398870 1.712564 1.085976 119.909049 118.333233 0.017129
2482 1.481220 1.710232 0.903144 108.153958 94.873020 177.519073
2483 1.439897 1.732118 0.877395 116.787385 126.605772 43.942142
2484 1.499183 1.638171 0.927086 119.758353 77.385298 48.879626
2485 1.518831 1.528332 1.177856 112.718256 121.485549 25.337777
2486 1.324893 1.765524 0.976619 107.982372 137.480188 161.850510
2487 1.470309 1.496827 0.850433 113.252211 153.209072 78.144661
2488 1.458542 1.597273 0.982883 121.192294 120.769573 68.808259
2489 1.433236 1.758738 0.987478 123.547132 138.118981 134.125504
2490 1.563746 1.632761 0.981018 113.283685 146.651215 52.409041
2491 1.447527 1.463327 0.985507 94.769756 152.414911 157.887031
2492 1.279823 1.576007 0.908730 127.819618 97.858494 100.096599
2493 1.585589 1.693679 1.046801 100.934826 117.670150 138.475388
2494 1.510207 1.717964 0.868611 120.978499 146.310427 6.487548
2495 1.525289 1.544177 1.032019 105.252662 121.088207 78.724345
2496 1.482202 1.542096 0.894322 113.733154 104.109061 8.986690
2497 1.417842 1.577752 0.878069 100.731009 146.302516 165.656795
2498 1.455642 1.724460 1.157998 108.194255 102.886258 123.956926
2499 1.408582 1.601296 0.951606 108.249901 115.558111 9.212901
2500 1.642481 1.616354 0.974328 106.595835 91.769004 18.735020
2501 1.538119 1.820597 0.996764 107.219588 105.846824 32.151398
2502 1.408665 1.702929 1.009503 103.235831 149.029364 43.348005
2503 1.519232 1.683618 1.066568 126.046410 105.338418 61.829763
2504 1.462882 1.548643 0.996166 104.791405 120.024397 88.254976
2505 1.398266 1.702540 1.033397 109.603089 132.854115 32.677765
2506 1.409410 1.550442 0.979196 111.324765 110.984371 27.532478
2507 1.581650 1.738707 0.942665 101.334519 93.474314 57.784965
2508 1.413681 1.609962 0.972945 89.384395 144.961107 54.799791
2509 1.509235 1.554695 0.862163 113.877904 117.217731 19.068589
2510 1.294063 1.630081 0.960620 109.521880 110.373724 102.802741
2511 1.609395 2.015974 0.895590 119.995882 138.638474 85.417174
2512 1.601614 1.625814 0.936700 116.333340 147.301108 22.207692
2513 1.722388 1.674044 0.934973 109.056745 116.039659 13.190701
2514 1.489026 1.588013 0.861450 128.182886 172.972991 10.793607
2515 1.432175 1.692902 0.925980 107.464264 121.025919 127.461840
2516 1.450735 1.466853 1.147492 113.933339 126.834421 35.171101
2517 1.702194 1.722659 0.948087 116.192577 116.637664 123.820257
2518 1.422170 1.634384 0.987230 116.181717 124.396208 24.610251
2519 1.604858 1.676676 0.888551 100.191662 124.898411 39.063655
2520 1.591552 1.598478 1.037580 122.193675 76.966481 130.839851
2521 1.499469 1.821555 0.966460 129.281069 95.901512 165.029241
2522 1.510210 1.465184 0.959089 107.722212 142.647757 35.404611
2523 1.413407 1.561122 0.953179 118.457455 102.881990 124.772573
2524 1.546283 1.778648 0.987898 108.493649 150.620806 154.387099
2525 1.520099 1.700249 0.854190 112.599068 127.999645 32.867861
2526 1.408224 1.583911 1.030296 109.928375 96.025697 7.964824
2527 1.456730 1.786615 1.118266 116.564369 135.224127 86.086415
2528 1.442775 1.936608 1.020367 127.791388 108.305441 11.583057
2529 1.539727 1.655841 0.904072 100.929832 149.660031 79.279033
2530 1.483792 1.695318 1.037595 104.970263 117.576672 50.108519
2531 1.433548 1.524066 0.918041 101.808776 116.160074 166.130966
2532 1.511796 1.481102 1.007780 113.680764 136.869904 37.131644
2533 1.502931 1.627490 1.031548 119.260660 79.714279 22.265446
2534 1.719961 1.708013 1.047749 120.195837 130.813742 136.811077
2535 1.553687 1.653538 1.171058 106.494193 108.610551 147.549400
2536 1.533396 1.481361 0.947968 101.212397 103.859708 150.196796
2537 1.351164 1.365574 0.926189 101.884773 121.355222 103.063495
2538 1.391748 1.633778 0.935899 109.303409 130.156313 68.485155
2539 1.461867 1.638804 1.115336 114.026091 113.130305 144.210818
2540 1.390929 1.559642 1.094421 135.397910 101.673658 174.376871
2541 1.456197 1.511350 0.981389 123.256133 107.480302 32.917304
2542 1.491833 1.716256 1.008942 110.417348 86.338628 120.577303
2543 1.435683 1.564081 1.010432 120.301341 81.841430 28.700254
2544 1.463181 1.958987 0.936485 95.668602 123.491619 168.371405
2545 1.389912 1.665401 1.142646 103.044454 131.151282 103.207918
2546 1.427168 1.678787 1.044851 124.256630 177.351474 22.471245
2547 1.384399 1.601632 1.136969 108.071913 127.313423 121.068645
2548 1.451323 1.645289 1.069071 110.274873 145.353122 175.541306
2549 1.479848 1.454233 1.072995 105.192955 139.994320 15.010271
2550 1.632215 1.441499 1.013310 100.822247 173.347493 120.445712
2551 1.543141 1.589760 0.908524 135.219386 124.794820 24.581012
2552 1.430074 1.563273 1.046586 115.636303 132.363889 150.538003
2553 1.489679 1.629181 1.143258 118.130612 109.677569 21.929803
2554 1.462092 1.789145 0.917130 112.178747 107.117266 24.517710
2555 1.446149 1.696356 0.874335 107.184777 106.723417 63.020991
2556 1.509442 1.564433 0.969093 130.166296 109.243152 4.235037
2557 1.474219 1.696892 0.964326 120.993558 133.540442 144.671199
2558 1.462792 1.641291 1.026392 124.177579 94.509072 45.732850
2559 1.529586 1.577586 0.942621 100.249079 101.551993 49.515257
2560 1.459933 1.613757 0.943364 119.806151 139.598747 30.856486
2561 1.533092 1.613579 1.018086 113.646157 129.845745 132.752850
2562 1.424711 1.820485 0.945012 110.932814 81.491826 153.397991
2563 1.486316 1.544884 0.963013 123.100073 141.617335 129.932759
2564 1.583326 1.480700 1.041641 111.843255 109.779103 16.434735
2565 1.546641 1.796199 0.913752 111.012921 117.401582 64.496081
2566 1.495041 1.720027 0.877206 113.937704 113.348409 26.144336
2567 1.514004 1.773084 1.048540 124.217467 154.125703 46.220079
2568 1.517928 1.581288 1.043178 102.763231 128.213501 105.189103
2569 1.472852 1.608289 0.937138 113.842454 112.206389 22.611374
2570 1.543045 1.535163 0.991993 105.418469 91.290122 93.389317
2571 1.465886 1.796521 0.927035 114.821254 121.997717 31.617783
2572 1.594789 1.636828 1.201833 116.192855 150.472625 99.129952
2573 1.427374 1.626397 0.955691 116.752483 114.477718 41.173628
2574 1.430029 1.521553 1.004604 142.530335 112.032045 28.395484
2575 1.538871 1.675980 1.066186 104.078672 134.473514 105.129922
2576 1.517316 1.488198 0.850245 126.787303 132.447968 170.814599
2577 1.412142 1.590631 0.894504 122.369558 130.004907 132.992118
2578 1.526273 1.578513 0.929070 126.670969 103.568146 27.219870
2579 1.484019 1.611461 0.994964 114.972674 101.059009 45.445693
2580 1.460329 1.709199 1.027247 110.589254 136.870122 5.210173
2581 1.435427 1.859121 0.936275 105.686000 164.407633 22.122784
2582 1.479603 1.645288 1.199988 111.950524 124.333530 143.504739
2583 1.474261 1.670518 1.071195 101.632657 90.869072 3.355949
2584 1.495831 1.688867 0.999205 115.052451 130.503205 85.822477
2585 1.502855 2.034667 1.089321 105.140098 116.543732 22.318564
2586 1.476014 1.651925 0.950589 114.233289 83.116116 38.238748
2587 1.453740 1.700245 0.945181 110.376619 121.133407 105.390399
2588 1.532828 1.725589 0.922983 106.146584 142.649394 172.303492
2589 1.616799 1.712418 1.049429 113.999068 99.286854 159.477750
2590 1.553133 1.514773 1.142421 114.423936 116.219066 141.243921
2591 1.420643 1.632973 0.864135 101.544336 94.759414 55.912430
2592 1.437963 1.407274 1.066807 100.157412 99.049868 151.144017
2593 1.418233 1.623770 0.991620 128.484487 130.969637 2.179355
2594 1.497341 1.552429 1.066569 125.553592 161.522129 20.312157
2595 1.552490 1.501668 0.966120 100.294952 118.267855 65.990883
2596 1.546347 1.513672 0.885550 99.330302 124.438385 52.198057
2597 1.533925 1.706217 1.136331 119.817571 129.361476 154.276631
2598 1.537978 1.683330 0.846902 107.902199 139.094367 2.471104
2599 1.384568 1.812942 0.880309 114.427207 116.628980 86.565092
2600 1.429992 1.503100 0.986941 126.708796 113.362639 83.554493
2601 1.407637 1.728384 0.978099 136.662735 91.378329 176.290818
2602 1.460528 1.669176 1.121014 102.984120 119.438436 8.735173
2603 1.545942 1.677456 0.972514 115.825258 140.490156 102.847167
2604 1.577095 1.625236 0.967012 117.394138 103.194507 149.238362
2605 1.582604 1.556365 0.908876 121.243531 114.078377 160.146872
2606 1.500424 1.723725 0.824531 107.088372 152.894683 42.237196
2607 1.587619 1.849567 0.982649 109.378887 138.257410 169.146195
2608 1.442376 1.588222 1.088804 115.633006 145.588321 115.098412
2609 1.502818 1.713568 1.011176 92.346829 93.997281 32.005616
2610 1.470088 1.580732 0.970312 102.968122 83.691010 50.020004
2611 1.477451 1.518436 0.898199 102.434246 120.359515 18.802712
2612 1.349146 1.543206 1.014151 123.403605 157.345391 21.324248
2613 1.467042 1.634586 0.934918 114.393086 134.316914 147.646054
2614 1.417517 1.705918 1.021179 112.020160 102.941607 138.765221
2615 1.464542 1.658419 0.946407 120.506670 140.307820 120.612121
2616 1.463119 1.634040 1.048067 114.664823 141.191590 179.086104
2617 1.390762 1.746925 1.027054 96.861801 156.345562 175.697236
2618 1.513232 1.562572 1.049157 115.830644 164.988133 163.943695
2619 1.380408 1.630209 0.915988 104.354029 103.838668 152.414609
2620 1.400896 1.601674 1.082571 106.358895 100.793904 94.845887
2621 1.496596 1.524475 0.933800 113.476944 155.216448 66.021957
2622 1.517994 1.485580 0.980683 131.571491 130.408655 125.763647
2623 1.564162 1.615828 0.885889 105.004843 126.332017 14.996037
2624 1.418226 1.598648 0.985591 109.559690 114.505972 170.985301
2625 1.501912 1.573524 1.013504 111.399757 100.069018 99.400583
2626 1.550987 1.728904 0.919656 92.100510 109.438786 142.450374
2627 1.460652 1.541730 1.108047 154.123256 122.562650 76.979464
2628 1.495894 1.649515 1.013547 101.639670 94.768171 0.739656
2629 1.586120 1.826540 1.011559 113.878486 153.956148 91.106887
2630 1.459319 1.637256 1.063260 95.641474 95.524574 81.219662
2631 1.396290 1.510298 0.797702 112.895515 108.633727 49.926316
2632 1.478707 1.695302 0.933372 112.993074 92.884070 147.982159
2633 1.377462 1.818495 0.992880 124.356411 100.869127 127.183920
2634 1.498959 1.620475 1.160220 115.118415 110.896813 22.454696
2635 1.439476 1.569884 0.994534 99.218476 120.020931 63.365129
2636 1.378977 1.488276 0.963955 106.864058 133.027632 37.784691
2637 1.566711 1.530627 1.022679 128.993160 112.087290 28.432823
2638 1.518846 1.620642 1.100500 123.802587 153.827221 125.505217
2639 1.490624 1.516589 0.885006 116.750539 144.161277 123.929370
2640 1.473153 1.756253 0.865198 126.289398 129.152109 66.213421
2641 1.515879 1.669511 0.976717 116.911079 89.599661 172.036946
2642 1.533472 1.725679 0.921242 112.168840 88.555049 29.335924
2643 1.391152 1.648689 0.991005 127.347088 129.557912 170.295848
2644 1.448538 1.552897 1.048515 110.680566 131.114230 163.669536
2645 1.402567 1.509149 0.860874 120.012101 93.076426 121.006005
2646 1.434281 1.745093 0.943805 111.336806 93.790624 179.527276
2647 1.493540 1.684264 0.911254 107.671230 104.510505 118.132237
2648 1.436127 1.495360 0.896047 116.695467 127.086251 58.487034
2649 1.493000 1.425207 1.025606 122.842205 142.769956 149.600016
2650 1.450847 1.576556 1.084881 99.180198 138.784131 42.077275
2651 1.485352 1.571211 1.031228 108.194214 124.474577 100.599003
2652 1.482707 1.643474 0.936395 113.960068 111.629749 161.496116
2653 1.428736 1.746824 1.029085 113.700292 115.237599 121.685732
2654 1.472316 1.644399 0.964432 128.052481 102.920665 124.416813
2655 1.521873 1.702971 1.068262 120.197320 106.024824 105.541031
2656 1.470238 1.727987 0.970666 116.325781 133.497253 77.964691
2657 1.527480 1.576423 0.849056 99.346904 145.042243 134.010375
2658 1.526203 1.632756 0.969665 120.588275 103.818088 28.132497
2659 1.524130 1.492046 0.980347 116.088551 126.944402 166.676363
2660 1.575191 1.767384 0.991246 106.505099 93.053115 28.905205
2661 1.490805 1.633295 0.961612 115.741875 133.718633 144.780233
2662 1.439958 1.721593 1.027482 99.691297 137.155702 59.119091
2663 1.472173 1.768624 0.959012 121.527479 113.007916 127.899360
2664 1.429981 1.536588 0.989104 95.974100 141.465130 98.964176
2665 1.501777 1.561064 1.061606 109.543989 103.118815 138.396394
2666 1.400757 1.652703 0.877231 104.571157 127.662071 146.890486
2667 1.610225 1.720201 0.936538 120.575181 113.596121 171.275707
2668 1.511335 1.600125 0.864456 128.868580 163.928347 47.160754
2669 1.430244 1.487100 0.898144 112.136520 159.255936 129.757285
2670 1.464646 1.612395 1.026529 94.004331 124.391677 121.210935
2671 1.540680 1.847764 0.944552 115.694171 129.763302 9.536453
2672 1.426647 1.639536 1.108999 114.787966 126.270392 31.128838
2673 1.402362 1.560363 1.046945 125.102619 100.003639 14.852057
2674 1.412055 1.663913 0.945026 117.815917 101.536450 109.690453
2675 1.457498 1.596568 0.901997 111.652858 158.484080 4.466142
2676 1.379800 1.556717 1.083198 106.860721 112.989964 162.820947
2677 1.537336 1.785320 1.070963 113.738676 78.718033 12.660578
2678 1.492779 1.736954 0.957754 96.878050 121.902977 24.277669
2679 1.541801 1.798606 1.276297 120.673863 168.703929 1.117603
2680 1.586430 1.636237 0.992603 101.334698 86.509516 34.684919
2681 1.521872 1.611512 0.937829 100.220114 155.320457 73.497958
2682 1.486144 1.742666 0.936756 116.350167 139.043885 120.413791
2683 1.407878 1.621344 0.948185 98.186839 162.155681 32.191893
2684 1.529602 1.603684 1.148934 111.644235 140.407956 163.471614
2685 1.408312 1.544127 0.974087 101.714524 126.629369 148.133007
2686 1.435839 1.751681 1.196924 120.614301 110.107057 93.127478
2687 1.429796 1.697411 1.093339 127.496104 105.787976 19.686295
2688 1.428913 1.599942 1.002656 127.536742 117.048331 122.543132
2689 1.392804 1.733770 1.007964 113.336999 92.112909 26.430985
2690 1.467068 1.838646 1.047328 118.184804 145.090661 61.814873
2691 1.448905 1.874214 0.981524 120.046401 99.633209 65.600700
2692 1.491504 1.745914 1.285820 113.123798 102.338214 74.765816
2693 1.441520 1.705673 1.041694 107.560944 127.321953 56.953840
2694 1.442455 1.613896 1.054186 101.125065 107.317066 6.782631
2695 1.519900 1.643620 1.071044 107.848326 132.259190 130.608422
2696 1.507229 1.793173 0.969708 108.266195 121.361771 11.054469
2697 1.565980 1.558575 0.949923 116.416379 97.299012 50.938656
2698 1.452694 1.613978 0.937837 122.899985 144.567924 117.119592
2699 1.580528 1.534733 1.029873 119.593190 109.728763 26.724739
2700 1.435066 1.541591 1.051651 112.739138 111.697263 30.799599
2701 1.493616 1.544014 0.895836 96.798015 87.222928 98.233217
2702 1.482467 1.534752 0.933238 114.542093 124.643088 177.984522
2703 1.629161 1.471993 0.872053 109.443785 135.898464 72.090943
2704 1.418990 1.438255 0.949031 96.103009 141.865352 133.556215
2705 1.479940 1.734200 1.099453 146.809480 125.312697 155.108028
2706 1.491410 1.549008 0.922092 117.793326 98.429050 11.972764
2707 1.416112 1.837298 0.985576 107.230948 109.828089 25.759626
2708 1.487816 1.650482 0.845208 124.468689 121.312005 20.967608
2709 1.437843 1.862830 1.056090 115.080901 107.212399 1.474827
2710 1.509659 1.555059 0.919632 108.004318 136.462067 42.473173
2711 1.429528 1.817171 0.857949 122.780661 159.128123 31.049923
2712 1.451785 1.662598 1.000576 110.123733 124.459484 58.015833
2713 1.451335 1.601913 0.879796 106.651952 114.481879 59.539536
2714 1.475257 1.567414 0.959685 109.606661 118.222621 163.110311
2715 1.439234 1.455186 0.962021 101.786941 108.242258 103.846891
2716 1.465902 1.457376 1.044730 104.186925 114.637379 122.091242
2717 1.515026 1.559910 0.945082 130.450772 112.223185 27.707821
2718 1.399520 1.713465 0.839798 118.453409 126.687843 107.669327
2719 1.573152 1.683289 1.009537 105.964262 146.328749 12.564133
2720 1.359828 1.757046 0.910339 104.588273 152.524390 58.072270
2721 1.370021 1.663927 1.143074 107.792468 134.430263 22.687461
2722 1.481130 1.563479 1.020393 120.645762 112.524104 35.659359
2723 1.535958 1.503213 0.904042 98.854963 111.608106 171.004047
2724 1.486827 1.476745 1.050031 130.110395 99.436355 150.625392
2725 1.356279 1.455545 1.055452 123.273224 132.686457 41.206203
2726 1.395219 1.467028 0.811901 107.532171 153.802444 108.002620
2727 1.550239 1.558683 0.954907 117.253063 133.289888 79.207472
2728 1.467322 1.474632 0.920066 90.425226 179.664290 85.956330
2729 1.477292 1.715718 1.027396 117.191609 102.559006 7.579682
2730 1.464223 1.647584 0.945464 108.410424 121.542294 4.727306
2731 1.462265 1.571880 1.119486 102.407045 119.605505 170.135989
2732 1.556713 1.597402 0.940885 123.081984 132.204198 48.090985
2733 1.463759 1.546927 0.954890 99.011269 87.116142 150.284678
2734 1.509912 1.762549 0.982998 108.140117 113.361853 34.147277
2735 1.489381 1.602510 0.916145 130.983429 114.809495 158.655344
2736 1.361614 1.626286 1.013902 103.077168 118.132429 0.976820
2737 1.389872 1.834679 1.028724 122.017121 131.690181 132.034608
2738 1.355854 1.638062 1.079674 104.027091 105.613309 3.414433
2739 1.432043 1.919953 0.951472 124.674022 132.354880 155.624707
2740 1.472130 1.983116 1.007328 112.008310 152.428632 27.919751
2741 1.420064 1.665746 1.017701 103.649517 144.600949 34.370305
2742 1.482350 1.536570 1.040159 127.171235 111.117002 35.854969
2743 1.437639 1.692654 0.943006 121.892724 115.483076 8.157152
2744 1.438152 1.698309 0.833487 125.306194 148.151961 11.296204
2745 1.484856 1.582052 0.949185 117.547527 113.872931 178.955760
2746 1.479799 1.694915 1.058264 99.552341 118.803877 133.097349
2747 1.509284 1.557482 1.029877 97.544082 168.608235 49.697962
2748 1.513128 1.520411 0.999357 112.076042 120.768410 79.115070
2749 1.523692 1.754397 0.951563 113.637612 91.450114 174.974667
2750 1.446619 1.706034 1.002037 96.970210 103.948107 150.960930
2751 1.603881 1.584645 1.021745 99.633053 136.306417 13.234968
2752 1.495023 1.596474 0.995908 128.278954 98.655554 10.672320
2753 1.673492 1.563256 1.125141 105.614119 162.766597 140.136601
2754 1.480007 1.959231 0.977496 107.144642 107.299120 42.390214
2755 1.463582 1.691884 1.027879 120.294581 127.818451 118.319223
2756 1.531770 1.593732 0.914915 113.379661 132.244356 15.420577
2757 1.448130 1.638455 0.894461 102.934268 85.715718 18.042286
2758 1.463387 1.708871 1.001387 118.298170 130.864978 179.165487
2759 1.541389 1.695081 1.090334 124.845973 100.723682 31.157163
2760 1.442337 1.569761 1.041228 99.884055 107.003808 119.331959
2761 1.568557 1.627816 1.152373 83.563337 85.967300 15.318207
2762 1.474529 1.529069 0.945400 108.771740 115.839209 2.776068
2763 1.506880 1.545176 1.028452 122.394153 102.250162 142.533322
2764 1.391363 1.721921 0.958376 114.940570 147.707735 33.968388
2765 1.455023 1.846250 0.950335 111.242608 106.386899 24.129654
2766 1.568163 1.608114 0.904938 142.011891 142.360465 120.872936
2767 1.436787 1.529336 1.013162 101.321660 74.522321 115.055606
2768 1.484692 1.632853 1.117308 97.032881 106.679080 75.370938
2769 1.454145 1.690348 0.982500 114.902433 105.222269 159.746967
2770 1.452900 1.807409 0.979483 120.323839 98.685055 16.806222
2771 1.408250 1.673536 0.914268 98.284819 121.347871 7.639138
2772 1.542641 1.609943 1.066052 116.460274 131.015141 5.973841
2773 1.522826 1.655003 1.045559 123.731105 173.573901 27.945873
2774 1.518565 1.586038 0.836781 112.860380 107.515211 140.500851
2775 1.511090 1.835766 0.982995 115.912353 122.929799 21.012788
2776 1.406138 2.008893 0.997646 106.325516 100.898535 95.781771
2777 1.335958 1.682150 1.052137 99.871738 106.951459 10.971794
2778 1.448751 1.794174 0.981097 130.239162 84.016462 157.108650
2779 1.514097 1.502940 0.881750 120.182095 162.114839 97.342827
2780 1.553417 1.792849 0.902434 101.144359 127.400003 33.741786
2781 1.508281 1.679936 1.001803 124.679367 115.144289 140.553663
2782 1.502441 1.700673 0.879612 99.287122 118.406448 132.753191
2783 1.436017 1.581455 0.983211 138.617754 143.824326 26.330844
2784 1.495436 1.763895 0.878809 108.860535 98.407704 173.698532
2785 1.536653 1.718588 1.064478 103.464269 102.766964 25.693757
2786 1.490444 1.489777 1.038539 114.876127 130.964164 151.069379
2787 1.548903 1.761408 1.094428 107.630267 97.566346 152.582795
2788 1.391389 1.724991 0.979568 101.602650 133.641206 104.289203
2789 1.448568 1.710607 0.863376 122.556722 118.391833 133.856586
2790 1.406007 1.717109 0.800023 117.895953 94.625099 174.288500
2791 1.483687 1.480661 0.879679 119.913205 116.916487 146.807056
2792 1.415393 1.520254 0.958384 122.106829 90.425427 25.349477
2793 1.443089 1.763790 1.076209 122.498124 97.286607 142.470131
2794 1.618860 1.622787 0.895873 114.613458 131.152477 54.966203
2795 1.410915 1.648477 0.969598 99.874963 120.451534 48.682966
2796 1.582837 1.518197 0.989895 129.852049 111.261786 14.719469
2797 1.458684 1.535929 0.876435 115.013408 137.149480 40.236218
2798 1.525035 1.572473 1.047176 110.140577 132.291083 31.855630
2799 1.688743 1.658729 0.917714 102.325127 122.240904 61.975139
2800 1.399919 1.657545 1.103596 122.793489 134.014598 111.715092
2801 1.536288 1.544176 0.975813 93.067355 122.285094 79.971506
2802 1.469110 1.450965 1.031062 129.364349 120.566056 1.483746
2803 1.530535 1.491554 0.993954 130.753843 93.396689 179.372107
2804 1.346884 1.664752 0.838414 134.380181 123.671230 26.028398
2805 1.417647 1.750027 1.032669 122.529022 100.893491 137.234396
2806 1.584728 1.810061 0.968077 118.716282 110.232762 34.595323
2807 1.456479 1.788994 1.021689 113.917923 129.816253 18.610844
2808 1.481960 1.541823 1.018811 117.266916 132.520432 163.359481
2809 1.435803 1.546606 0.954942 107.585409 97.122404 149.602365
2810 1.603450 1.518245 0.973437 103.869755 92.558167 39.857151
2811 1.564678 1.605771 0.924290 114.493470 106.021091 24.993765
2812 1.433631 1.574222 0.936999 111.033238 108.587628 6.038289
2813 1.514446 1.596660 0.915356 108.080085 126.432701 58.551946
2814 1.443357 1.623585 1.113513 99.337046 116.730476 13.957849
2815 1.477319 1.930547 0.954950 118.745854 121.712861 178.913672
2816 1.467574 1.525016 1.004057 122.048622 101.597407 14.488846
2817 1.474015 1.613253 0.968568 127.623009 127.249676 93.583157
2818 1.519638 1.573670 0.947265 121.743176 105.571043 96.879215
2819 1.501657 1.568373 0.994052 109.366407 120.053943 21.645841
2820 1.352616 1.509494 1.047334 107.988172 126.373821 62.559181
2821 1.504687 2.001374 1.112753 117.741602 105.468146 20.321372
2822 1.430944 1.617779 0.995049 94.775420 135.316410 17.150874
2823 1.514273 1.667763 1.037811 111.765867 109.541092 128.952033
2824 1.554345 1.716040 0.950487 116.864743 147.259754 93.284509
2825 1.413245 1.824325 1.044874 105.721242 103.964178 100.809217
2826 1.444341 1.722408 0.973627 106.899261 117.752333 53.111975
2827 1.440727 1.537138 0.903396 118.140687 110.230823 82.262496
2828 1.533988 1.613745 0.947028 109.703311 107.117356 38.130409
2829 1.572604 1.503465 0.946304 121.269714 137.596983 79.753936
2830 1.388898 1.717768 0.940156 124.220875 120.286004 164.872413
2831 1.478498 1.481567 0.980325 91.392678 123.566425 62.448179
2832 1.528401 1.541215 0.940302 97.863443 136.364695 11.297944
2833 1.396158 1.724778 0.996211 113.126371 103.377637 16.881633
2834 1.428643 1.690512 1.086910 103.232192 113.300275 101.921009
2835 1.505553 1.590261 0.992249 104.316573 117.601968 125.834282
2836 1.464133 1.516902 1.054081 103.956802 134.373475 130.247713
2837 1.487261 1.785240 0.955755 126.766837 152.030534 63.507157
2838 1.405731 1.644471 0.987980 121.053289 104.588502 3.809642
2839 1.509342 1.594104 0.996550 113.689561 89.882624 137.298227
2840 1.493355 1.635835 1.075812 103.885983 138.809957 149.577534
2841 1.510324 1.736630 0.843135 124.133461 122.346680 124.155247
2842 1.507151 1.541701 0.960300 132.543894 122.020667 37.540571
2843 1.531948 1.620383 0.982939 125.455765 138.156224 135.915001
2844 1.535152 1.667056 1.023718 123.980286 126.762285 151.338414
2845 1.416962 1.529529 0.904291 106.701321 104.882416 144.580202
2846 1.530086 1.666545 0.949367 125.918337 126.206310 20.110044
2847 1.503254 1.531870 0.963884 122.007341 169.070216 177.798478
2848 1.480618 1.873711 0.951735 108.870975 136.685553 16.410891
2849 1.492052 1.392948 0.868509 102.075905 96.568879 118.842596
2850 1.575298 1.642772 0.855787 107.049149 106.169535 116.659966
2851 1.526302 1.547024 0.864894 110.525832 104.164451 99.178188
2852 1.558759 1.551772 0.997433 107.917694 97.280387 130.878650
2853 1.496282 1.621529 0.900506 123.481820 137.888881 68.664123
2854 1.405283 1.743383 0.962084 106.584756 145.634668 160.366468
2855 1.579603 1.623250 0.967163 103.315522 132.670466 41.929435
2856 1.499506 1.500231 1.010266 106.771925 135.772630 90.917841
2857 1.527779 1.527014 1.026601 101.379036 94.406909 34.583311
2858 1.398057 1.715822 1.048932 105.726647 141.471207 157.591589
2859 1.458748 1.804167 1.064852 109.155510 111.670403 4.360318
2860 1.566151 1.611873 1.159319 119.767448 118.598574 179.550402
2861 1.707049 1.655429 0.911262 93.616889 112.919366 164.366138
2862 1.456451 1.772044 1.101291 116.668028 118.245165 160.548437
2863 1.588110 1.594418 1.030258 114.126931 93.060593 178.728726
2864 1.602945 1.454330 0.965625 106.939124 142.588574 13.544687
2865 1.455602 1.723957 0.842874 105.986037 165.595486 138.502358
2866 1.474856 1.602007 1.034996 107.026056 118.499371 25.236174
2867 1.502779 1.577764 0.890733 110.700517 140.349703 88.523134
2868 1.420275 1.602121 0.948643 120.248742 91.924603 21.605633
2869 1.603619 1.688248 0.956430 106.431613 113.230817 172.765610
2870 1.446218 1.680363 1.050090 117.628169 109.351528 124.712589
2871 1.398574 1.718653 1.119612 109.979112 124.537906 23.539155
2872 1.515293 1.645715 1.114091 118.902429 130.886944 29.153254
2873 1.441539 1.665937 1.006099 107.703802 107.620645 31.466525
2874 1.417989 1.516711 0.956306 102.328580 99.177271 172.141043
2875 1.468328 1.573364 1.008509 132.510198 122.486029 34.554494
2876 1.394905 1.713845 0.930053 135.349806 125.685077 105.143479
2877 1.590574 1.769506 0.990856 109.767826 162.385821 168.825219
2878 1.431808 1.565663 1.024596 118.190608 139.355728 43.933984
2879 1.526985 1.477914 0.944450 99.141379 125.858623 0.328253
2880 1.359344 1.627722 0.994612 111.820160 119.301505 40.626477
2881 1.457325 1.588281 1.117851 103.429375 111.273717 20.479455
2882 1.472790 1.657153 1.088416 114.573218 132.255224 104.905082
2883 1.548621 1.538489 1.131534 126.545213 91.591495 174.927452
2884 1.441332 1.654766 0.958500 116.090430 119.471543 9.797207
2885 1.453295 1.509790 0.935492 124.086334 90.124496 150.035826
2886 1.508170 1.635232 1.007846 120.549825 120.496922 38.330137
2887 1.357976 1.518665 1.033503 109.489534 110.462588 52.166908
2888 1.544452 1.689890 0.945585 115.477585 135.719626 132.024774
2889 1.460506 1.636371 0.954809 106.720315 106.428003 30.543707
2890 1.468137 1.492181 0.973473 115.291503 110.168422 46.662403
2891 1.470056 1.442630 0.975293 114.703267 84.553490 164.635182
2892 1.511800 1.811886 0.963321 107.523473 111.920423 29.595155
2893 1.478682 1.703146 0.966863 129.154390 112.797392 89.328513
2894 1.513345 1.565743 0.979359 114.776619 113.644926 32.322065
2895 1.480460 1.520900 0.981078 121.479029 161.619878 55.378795
2896 1.554093 1.732619 1.046704 116.473528 121.523923 169.172169
2897 1.400780 1.577756 0.975094 119.007188 108.782823 24.759553
2898 1.523516 1.747600 1.010097 128.662337 141.834574 52.871711
2899 1.515000 1.816645 1.029531 131.005994 142.227976 21.465441
2900 1.461756 1.556948 1.135895 107.650000 117.848394 165.343077
2901 1.505022 1.494604 0.852594 116.721496 132.077169 24.247662
2902 1.537438 1.901029 1.057684 111.179007 178.858787 30.406201
2903 1.634894 1.593174 1.054489 115.368612 128.645463 173.711882
2904 1.465979 1.741675 0.975313 102.444058 135.874103 3.211132
2905 1.483549 1.568309 0.944410 134.139796 109.245706 170.420004
2906 1.478471 1.770508 1.053612 113.380140 92.611430 6.380750
2907 1.328188 1.807121 1.048243 121.733923 106.536342 55.431677
2908 1.448844 1.709042 0.879118 119.179260 139.238416 171.258018
2909 1.516555 1.669710 1.064198 115.448223 136.043236 8.103892
2910 1.542308 1.675437 0.931335 104.274193 151.630742 155.290605
2911 1.508686 1.610246 1.048112 116.935694 112.422273 42.632938
2912 1.473692 1.619719 0.978853 103.900778 122.221493 72.129079
2913 1.466560 1.679422 0.925357 115.757981 131.643554 10.859091
2914 1.533683 1.524698 1.071079 120.833404 115.250490 40.302273
2915 1.425276 1.626789 0.888509 107.515363 145.685211 0.417158
2916 1.538421 1.789789 1.082700 111.258764 103.098805 152.486591
2917 1.357465 1.659335 1.040614 102.630756 117.202025 42.451922
2918 1.501823 1.723693 1.041465 115.833432 98.503030 160.059559
2919 1.388829 1.561667 0.989233 85.886149 124.068565 45.725518
2920 1.429033 1.595574 0.981022 113.868902 113.280586 128.005873
2921 1.471879 1.658890 1.032311 105.808039 131.937118 144.092613
2922 1.556429 1.666002 1.103960 127.241392 163.009256 6.830272
2923 1.566078 1.933808 1.071356 113.586559 132.148105 125.262599
2924 1.417184 1.664563 1.044230 111.990669 89.338073 1.680859
2925 1.550799 1.566271 0.973024 112.268020 135.863374 72.457917
2926 1.437340 1.515246 0.958433 95.073070 138.587440 139.477448
2927 1.461950 1.754805 0.899507 106.327674 159.995239 174.764710
2928 1.463225 1.571670 0.995690 90.488382 109.733186 35.595281
2929 1.482033 1.593557 1.099526 112.556607 97.353226 113.646153
2930 1.441425 1.545283 0.975778 98.678746 118.568112 173.529679
2931 1.454226 1.476273 1.026574 106.397794 126.020684 12.462603
2932 1.382571 1.662919 0.995847 114.952767 132.012066 47.630541
2933 1.387823 1.766082 1.055008 109.683138 133.282612 70.181591
2934 1.404184 1.534487 0.899675 123.897477 145.716021 165.221946
2935 1.440205 1.524499 0.994569 103.608615 86.199979 120.037456
2936 1.571413 1.725770 1.001024 121.565572 98.309543 174.648962
2937 1.442816 1.848315 1.108832 113.195955 103.126023 10.863946
2938 1.548001 1.695646 0.940914 108.926933 160.379906 34.060910
2939 1.398684 1.664880 0.858472 107.827018 96.265365 69.120896
2940 1.422156 1.734362 0.920641 116.347903 101.547892 165.939432
2941 1.417617 1.605555 0.907361 94.943889 129.380837 41.533001
2942 1.409154 1.613061 1.044281 104.893197 110.441956 150.359186
2943 1.516138 1.634738 0.904125 108.784504 127.218617 123.319193
2944 1.578272 1.783004 1.018823 125.314281 139.932781 175.166406
2945 1.465491 1.602218 0.917469 114.808292 146.910954 19.348898
2946 1.413840 1.598751 0.975584 93.199031 105.353911 170.667274
2947 1.553270 1.563111 0.999680 107.550135 107.723711 73.381039
2948 1.478460 1.837340 0.986403 130.263190 101.783520 103.180034
2949 1.414813 1.696121 1.089384 104.848152 93.770567 143.462682
2950 1.523543 1.823641 0.894566 109.956694 109.291958 133.798679
2951 1.562680 1.619661 0.921160 107.180323 122.649761 41.690491
2952 1.478865 1.662714 0.990878 117.508343 114.943490 41.046840
2953 1.425741 1.570430 1.038833 95.665960 159.861655 9.168531
2954 1.457726 1.735426 0.928541 117.719814 123.700580 125.551937
2955 1.452724 1.573529 0.978484 97.555285 137.421571 98.454115
2956 1.380686 1.940521 0.992190 112.221082 125.391626 15.145375
2957 1.470749 1.514928 0.962070 131.249690 155.537664 109.723791
2958 1.460999 1.411013 0.971672 120.835268 117.048100 141.564083
2959 1.478373 1.613343 0.980030 107.037569 113.540550 3.988934
2960 1.386686 1.568181 1.027543 111.546031 105.420788 85.989557
2961 1.537895 1.917805 1.105924 118.823204 104.900082 165.178524
2962 1.561815 1.678661 1.129195 103.034504 108.101564 82.745624
2963 1.449917 1.748308 1.017184 111.055428 154.427850 17.718904
2964 1.474234 1.687924 0.840612 103.636051 130.530819 33.150697
2965 1.511094 1.512967 1.051412 112.362091 100.162257 173.889883
2966 1.521828 1.638537 0.976535 104.345702 146.589431 78.160766
2967 1.464084 1.587814 0.995268 111.775467 129.050893 130.935933
2968 1.454958 1.545876 0.976123 129.914174 96.487999 30.738649
2969 1.629342 1.660727 1.030725 125.071606 106.480349 60.752206
2970 1.468991 1.785683 1.080051 105.862552 84.356691 102.787962
2971 1.577625 1.457390 0.934617 109.428720 132.611257 141.244991
2972 1.462847 1.710456 1.023517 125.774032 125.243923 78.657518
2973 1.472946 1.635388 1.090308 116.709309 114.206381 98.030886
2974 1.498569 1.705390 1.030373 105.663683 117.537562 64.257365
2975 1.432240 1.584689 0.904669 119.268690 179.470995 91.359257
2976 1.479679 1.534008 0.941599 100.020004 163.124610 51.665543
2977 1.442322 1.564152 1.111571 121.950908 123.316468 22.027640
2978 1.513863 1.511955 1.033289 127.060262 90.296096 157.563967
2979 1.459192 1.730069 0.901633 105.121049 176.787620 16.385823
2980 1.383297 1.711148 1.060455 119.553785 109.523679 157.544457
2981 1.469465 1.624671 1.004247 121.268364 137.248322 166.694483
2982 1.372157 1.606581 0.992564 131.625515 86.209427 11.219207
2983 1.542190 1.617996 0.829416 116.254884 114.241179 156.254550
2984 1.460379 1.585757 0.860897 115.123389 112.351156 88.244363
2985 1.446181 1.734973 0.878576 113.659978 105.144853 69.810212
2986 1.406842 1.632788 1.008082 99.895967 115.380512 56.691522
2987 1.518884 1.640327 0.879015 100.004090 94.440563 74.812984
2988 1.557404 1.523826 1.011883 101.265255 139.998250 65.059585
2989 1.391755 1.719603 1.019340 110.067650 130.095563 12.191585
2990 1.530479 1.760789 0.961105 91.306930 123.796436 74.546302
2991 1.529482 1.610528 1.012901 109.991717 106.963732 43.388579
2992 1.362834 1.856691 1.072444 117.566852 87.526646 15.423455
2993 1.450506 1.451418 0.926541 107.562241 121.791179 46.267519
2994 1.492872 1.791058 0.914847 115.651640 154.031734 31.598798
2995 1.396450 1.534879 1.081211 106.259951 102.003988 69.337672
2996 1.506027 2.213267 0.988738 102.862994 103.386041 145.983815
2997 1.485661 1.706844 0.981279 118.840576 162.043221 45.933024
2998 1.495010 1.540939 0.933882 111.008475 107.658269 101.314866
2999 1.553127 1.527945 0.916404 109.003990 126.001226 79.763350
3000 1.465107 1.557910 1.095049 106.253806 114.584178 6.441583
